analytic_selection_duration_generations	analytic_selection_end_generations_ago	calibration_id	candidate_pool_af	candidate_pool_alt_count	candidate_pool_diploids	candidate_pool_frequency_gate_passed	draw_index	duration_multiplier	elapsed_seconds	error	evaluable	exact_panel_feasible	population_af_lower	population_af_upper	realized_selection_end_generations_ago	requested_selection_end_generations_ago	seed	selection_coefficient	selection_intervals_json	slim_scaling_factor	status	target_allele_frequency	terminal_class
818.6986698384419	1453.301330161558	han_calibration__s0.010000__af0.100000__m0.150000__q5__draw000	0.0	0	500	False	0	0.15	139.03152359999999		True	False	0.075	0.125	2150.0	2149.195199524234	816106596	0.01	"[{""end_time"":2150.0,""population"":""Loschbour"",""start_time"":2272.0}]"	5.0	complete	0.1	loss
818.6986698384419	1453.301330161558	han_calibration__s0.010000__af0.100000__m0.150000__q5__draw001	0.0	0	500	False	1	0.15	138.732780908		True	False	0.075	0.125	2150.0	2149.195199524234	378662388	0.01	"[{""end_time"":2150.0,""population"":""Loschbour"",""start_time"":2272.0}]"	5.0	complete	0.1	loss
818.6986698384419	1453.301330161558	han_calibration__s0.010000__af0.100000__m0.150000__q5__draw002	0.0	0	500	False	2	0.15	139.477157558		True	False	0.075	0.125	2150.0	2149.195199524234	1434585828	0.01	"[{""end_time"":2150.0,""population"":""Loschbour"",""start_time"":2272.0}]"	5.0	complete	0.1	loss
818.6986698384419	1453.301330161558	han_calibration__s0.010000__af0.100000__m0.150000__q5__draw003	0.0	0	500	False	3	0.15	134.646905563		True	False	0.075	0.125	2150.0	2149.195199524234	306296903	0.01	"[{""end_time"":2150.0,""population"":""Loschbour"",""start_time"":2272.0}]"	5.0	complete	0.1	loss
818.6986698384419	1453.301330161558	han_calibration__s0.010000__af0.100000__m0.150000__q5__draw004	0.0	0	500	False	4	0.15	138.35161383000002		True	False	0.075	0.125	2150.0	2149.195199524234	423446635	0.01	"[{""end_time"":2150.0,""population"":""Loschbour"",""start_time"":2272.0}]"	5.0	complete	0.1	loss
818.6986698384419	1453.301330161558	han_calibration__s0.010000__af0.100000__m0.150000__q5__draw005	0.001	1	500	False	5	0.15	148.86611277600002		True	False	0.075	0.125	2150.0	2149.195199524234	931489519	0.01	"[{""end_time"":2150.0,""population"":""Loschbour"",""start_time"":2272.0}]"	5.0	complete	0.1	segregating
818.6986698384419	1453.301330161558	han_calibration__s0.010000__af0.100000__m0.150000__q5__draw006	0.0	0	500	False	6	0.15	141.75357364500002		True	False	0.075	0.125	2150.0	2149.195199524234	1419252583	0.01	"[{""end_time"":2150.0,""population"":""Loschbour"",""start_time"":2272.0}]"	5.0	complete	0.1	loss
818.6986698384419	1453.301330161558	han_calibration__s0.010000__af0.100000__m0.150000__q5__draw007	0.0	0	500	False	7	0.15	140.38578349399998		True	False	0.075	0.125	2150.0	2149.195199524234	889745717	0.01	"[{""end_time"":2150.0,""population"":""Loschbour"",""start_time"":2272.0}]"	5.0	complete	0.1	loss
818.6986698384419	1453.301330161558	han_calibration__s0.010000__af0.100000__m0.150000__q5__draw008	0.0	0	500	False	8	0.15	140.317805861		True	False	0.075	0.125	2150.0	2149.195199524234	1502077291	0.01	"[{""end_time"":2150.0,""population"":""Loschbour"",""start_time"":2272.0}]"	5.0	complete	0.1	loss
818.6986698384419	1453.301330161558	han_calibration__s0.010000__af0.100000__m0.150000__q5__draw009	0.0	0	500	False	9	0.15	149.546681412		True	False	0.075	0.125	2150.0	2149.195199524234	115549739	0.01	"[{""end_time"":2150.0,""population"":""Loschbour"",""start_time"":2272.0}]"	5.0	complete	0.1	loss
818.6986698384419	1453.301330161558	han_calibration__s0.010000__af0.100000__m0.150000__q5__draw010	0.0	0	500	False	10	0.15	138.673227877		True	False	0.075	0.125	2150.0	2149.195199524234	577009357	0.01	"[{""end_time"":2150.0,""population"":""Loschbour"",""start_time"":2272.0}]"	5.0	complete	0.1	loss
818.6986698384419	1453.301330161558	han_calibration__s0.010000__af0.100000__m0.150000__q5__draw011	0.0	0	500	False	11	0.15	135.73922204899998		True	False	0.075	0.125	2150.0	2149.195199524234	867318892	0.01	"[{""end_time"":2150.0,""population"":""Loschbour"",""start_time"":2272.0}]"	5.0	complete	0.1	loss
818.6986698384419	1453.301330161558	han_calibration__s0.010000__af0.100000__m0.150000__q5__draw012	0.0	0	500	False	12	0.15	135.41245788100002		True	False	0.075	0.125	2150.0	2149.195199524234	668807470	0.01	"[{""end_time"":2150.0,""population"":""Loschbour"",""start_time"":2272.0}]"	5.0	complete	0.1	loss
818.6986698384419	1453.301330161558	han_calibration__s0.010000__af0.100000__m0.150000__q5__draw013	0.0	0	500	False	13	0.15	137.536120082		True	False	0.075	0.125	2150.0	2149.195199524234	1400013377	0.01	"[{""end_time"":2150.0,""population"":""Loschbour"",""start_time"":2272.0}]"	5.0	complete	0.1	loss
818.6986698384419	1453.301330161558	han_calibration__s0.010000__af0.100000__m0.150000__q5__draw014	0.0	0	500	False	14	0.15	139.709051257		True	False	0.075	0.125	2150.0	2149.195199524234	374006242	0.01	"[{""end_time"":2150.0,""population"":""Loschbour"",""start_time"":2272.0}]"	5.0	complete	0.1	loss
818.6986698384419	1453.301330161558	han_calibration__s0.010000__af0.100000__m0.150000__q5__draw015	0.0	0	500	False	15	0.15	136.41764753299998		True	False	0.075	0.125	2150.0	2149.195199524234	153855036	0.01	"[{""end_time"":2150.0,""population"":""Loschbour"",""start_time"":2272.0}]"	5.0	complete	0.1	loss
818.6986698384419	1453.301330161558	han_calibration__s0.010000__af0.100000__m0.150000__q5__draw016	0.0	0	500	False	16	0.15	141.431972135		True	False	0.075	0.125	2150.0	2149.195199524234	2037449530	0.01	"[{""end_time"":2150.0,""population"":""Loschbour"",""start_time"":2272.0}]"	5.0	complete	0.1	loss
818.6986698384419	1453.301330161558	han_calibration__s0.010000__af0.100000__m0.150000__q5__draw017	0.0	0	500	False	17	0.15	139.13837845		True	False	0.075	0.125	2150.0	2149.195199524234	508436891	0.01	"[{""end_time"":2150.0,""population"":""Loschbour"",""start_time"":2272.0}]"	5.0	complete	0.1	loss
818.6986698384419	1453.301330161558	han_calibration__s0.010000__af0.100000__m0.150000__q5__draw018	0.0	0	500	False	18	0.15	138.123487122		True	False	0.075	0.125	2150.0	2149.195199524234	33104408	0.01	"[{""end_time"":2150.0,""population"":""Loschbour"",""start_time"":2272.0}]"	5.0	complete	0.1	loss
818.6986698384419	1453.301330161558	han_calibration__s0.010000__af0.100000__m0.150000__q5__draw019	0.0	0	500	False	19	0.15	141.90241621199996		True	False	0.075	0.125	2150.0	2149.195199524234	2117065679	0.01	"[{""end_time"":2150.0,""population"":""Loschbour"",""start_time"":2272.0}]"	5.0	complete	0.1	loss
818.6986698384419	1453.301330161558	han_calibration__s0.010000__af0.100000__m0.250000__q5__draw000	0.0	0	500	False	0	0.25	135.854624918		True	False	0.075	0.125	2065.0	2067.3253325403894	34337093	0.01	"[{""end_time"":2065.0,""population"":""Loschbour"",""start_time"":2272.0}]"	5.0	complete	0.1	loss
818.6986698384419	1453.301330161558	han_calibration__s0.010000__af0.100000__m0.250000__q5__draw001	0.0	0	500	False	1	0.25	150.253563605		True	False	0.075	0.125	2065.0	2067.3253325403894	607156648	0.01	"[{""end_time"":2065.0,""population"":""Loschbour"",""start_time"":2272.0}]"	5.0	complete	0.1	loss
818.6986698384419	1453.301330161558	han_calibration__s0.010000__af0.100000__m0.250000__q5__draw002	0.0	0	500	False	2	0.25	136.160643768		True	False	0.075	0.125	2065.0	2067.3253325403894	418519180	0.01	"[{""end_time"":2065.0,""population"":""Loschbour"",""start_time"":2272.0}]"	5.0	complete	0.1	loss
818.6986698384419	1453.301330161558	han_calibration__s0.010000__af0.100000__m0.250000__q5__draw003	0.0	0	500	False	3	0.25	140.847069002		True	False	0.075	0.125	2065.0	2067.3253325403894	1165937686	0.01	"[{""end_time"":2065.0,""population"":""Loschbour"",""start_time"":2272.0}]"	5.0	complete	0.1	loss
818.6986698384419	1453.301330161558	han_calibration__s0.010000__af0.100000__m0.250000__q5__draw004	0.0	0	500	False	4	0.25	135.65992988800002		True	False	0.075	0.125	2065.0	2067.3253325403894	2055562887	0.01	"[{""end_time"":2065.0,""population"":""Loschbour"",""start_time"":2272.0}]"	5.0	complete	0.1	loss
818.6986698384419	1453.301330161558	han_calibration__s0.010000__af0.100000__m0.250000__q5__draw005	0.0	0	500	False	5	0.25	134.453632339		True	False	0.075	0.125	2065.0	2067.3253325403894	1301604836	0.01	"[{""end_time"":2065.0,""population"":""Loschbour"",""start_time"":2272.0}]"	5.0	complete	0.1	loss
818.6986698384419	1453.301330161558	han_calibration__s0.010000__af0.100000__m0.250000__q5__draw006	0.113	113	500	True	6	0.25	140.199773029		True	True	0.075	0.125	2065.0	2067.3253325403894	690088976	0.01	"[{""end_time"":2065.0,""population"":""Loschbour"",""start_time"":2272.0}]"	5.0	complete	0.1	segregating
818.6986698384419	1453.301330161558	han_calibration__s0.010000__af0.100000__m0.250000__q5__draw007	0.0	0	500	False	7	0.25	141.57185905400002		True	False	0.075	0.125	2065.0	2067.3253325403894	732044198	0.01	"[{""end_time"":2065.0,""population"":""Loschbour"",""start_time"":2272.0}]"	5.0	complete	0.1	loss
818.6986698384419	1453.301330161558	han_calibration__s0.010000__af0.100000__m0.250000__q5__draw008	0.0	0	500	False	8	0.25	139.328190903		True	False	0.075	0.125	2065.0	2067.3253325403894	1968267620	0.01	"[{""end_time"":2065.0,""population"":""Loschbour"",""start_time"":2272.0}]"	5.0	complete	0.1	loss
818.6986698384419	1453.301330161558	han_calibration__s0.010000__af0.100000__m0.250000__q5__draw009	0.0	0	500	False	9	0.25	137.26370385800004		True	False	0.075	0.125	2065.0	2067.3253325403894	433568925	0.01	"[{""end_time"":2065.0,""population"":""Loschbour"",""start_time"":2272.0}]"	5.0	complete	0.1	loss
818.6986698384419	1453.301330161558	han_calibration__s0.010000__af0.100000__m0.250000__q5__draw010	0.0	0	500	False	10	0.25	138.874136615		True	False	0.075	0.125	2065.0	2067.3253325403894	1733602425	0.01	"[{""end_time"":2065.0,""population"":""Loschbour"",""start_time"":2272.0}]"	5.0	complete	0.1	loss
818.6986698384419	1453.301330161558	han_calibration__s0.010000__af0.100000__m0.250000__q5__draw011	0.331	331	500	False	11	0.25	135.587155531		True	True	0.075	0.125	2065.0	2067.3253325403894	609735131	0.01	"[{""end_time"":2065.0,""population"":""Loschbour"",""start_time"":2272.0}]"	5.0	complete	0.1	segregating
818.6986698384419	1453.301330161558	han_calibration__s0.010000__af0.100000__m0.250000__q5__draw012	0.0	0	500	False	12	0.25	138.07351395199993		True	False	0.075	0.125	2065.0	2067.3253325403894	1109616749	0.01	"[{""end_time"":2065.0,""population"":""Loschbour"",""start_time"":2272.0}]"	5.0	complete	0.1	loss
818.6986698384419	1453.301330161558	han_calibration__s0.010000__af0.100000__m0.250000__q5__draw013	0.0	0	500	False	13	0.25	140.71261868399995		True	False	0.075	0.125	2065.0	2067.3253325403894	84671457	0.01	"[{""end_time"":2065.0,""population"":""Loschbour"",""start_time"":2272.0}]"	5.0	complete	0.1	loss
818.6986698384419	1453.301330161558	han_calibration__s0.010000__af0.100000__m0.250000__q5__draw014	0.0	0	500	False	14	0.25	135.38518274400002		True	False	0.075	0.125	2065.0	2067.3253325403894	422175455	0.01	"[{""end_time"":2065.0,""population"":""Loschbour"",""start_time"":2272.0}]"	5.0	complete	0.1	loss
818.6986698384419	1453.301330161558	han_calibration__s0.010000__af0.100000__m0.250000__q5__draw015	0.0	0	500	False	15	0.25	137.04905207900003		True	False	0.075	0.125	2065.0	2067.3253325403894	1927059000	0.01	"[{""end_time"":2065.0,""population"":""Loschbour"",""start_time"":2272.0}]"	5.0	complete	0.1	loss
818.6986698384419	1453.301330161558	han_calibration__s0.010000__af0.100000__m0.250000__q5__draw016	0.0	0	500	False	16	0.25	132.95308137799992		True	False	0.075	0.125	2065.0	2067.3253325403894	158509049	0.01	"[{""end_time"":2065.0,""population"":""Loschbour"",""start_time"":2272.0}]"	5.0	complete	0.1	loss
818.6986698384419	1453.301330161558	han_calibration__s0.010000__af0.100000__m0.250000__q5__draw017	0.0	0	500	False	17	0.25	133.83726132599992		True	False	0.075	0.125	2065.0	2067.3253325403894	2010026343	0.01	"[{""end_time"":2065.0,""population"":""Loschbour"",""start_time"":2272.0}]"	5.0	complete	0.1	loss
818.6986698384419	1453.301330161558	han_calibration__s0.010000__af0.100000__m0.250000__q5__draw018	0.0	0	500	False	18	0.25	136.975456022		True	False	0.075	0.125	2065.0	2067.3253325403894	1420492452	0.01	"[{""end_time"":2065.0,""population"":""Loschbour"",""start_time"":2272.0}]"	5.0	complete	0.1	loss
818.6986698384419	1453.301330161558	han_calibration__s0.010000__af0.100000__m0.250000__q5__draw019	0.0	0	500	False	19	0.25	135.49330956200004		True	False	0.075	0.125	2065.0	2067.3253325403894	1590055212	0.01	"[{""end_time"":2065.0,""population"":""Loschbour"",""start_time"":2272.0}]"	5.0	complete	0.1	loss
818.6986698384419	1453.301330161558	han_calibration__s0.010000__af0.100000__m0.400000__q5__draw000	0.0	0	500	False	0	0.4	129.737677464		True	False	0.075	0.125	1945.0	1944.5205320646232	1347119641	0.01	"[{""end_time"":2015.0,""population"":""Loschbour"",""start_time"":2272.0},{""end_time"":1945.0,""population"":""Han"",""start_time"":2015.0}]"	5.0	complete	0.1	loss
818.6986698384419	1453.301330161558	han_calibration__s0.010000__af0.100000__m0.400000__q5__draw001	0.0	0	500	False	1	0.4	133.97113000999997		True	False	0.075	0.125	1945.0	1944.5205320646232	263666746	0.01	"[{""end_time"":2015.0,""population"":""Loschbour"",""start_time"":2272.0},{""end_time"":1945.0,""population"":""Han"",""start_time"":2015.0}]"	5.0	complete	0.1	loss
818.6986698384419	1453.301330161558	han_calibration__s0.010000__af0.100000__m0.400000__q5__draw002	0.0	0	500	False	2	0.4	138.88812697300006		True	False	0.075	0.125	1945.0	1944.5205320646232	454530566	0.01	"[{""end_time"":2015.0,""population"":""Loschbour"",""start_time"":2272.0},{""end_time"":1945.0,""population"":""Han"",""start_time"":2015.0}]"	5.0	complete	0.1	loss
818.6986698384419	1453.301330161558	han_calibration__s0.010000__af0.100000__m0.400000__q5__draw003	0.0	0	500	False	3	0.4	132.146629556		True	False	0.075	0.125	1945.0	1944.5205320646232	272153301	0.01	"[{""end_time"":2015.0,""population"":""Loschbour"",""start_time"":2272.0},{""end_time"":1945.0,""population"":""Han"",""start_time"":2015.0}]"	5.0	complete	0.1	loss
818.6986698384419	1453.301330161558	han_calibration__s0.010000__af0.100000__m0.400000__q5__draw004	0.0	0	500	False	4	0.4	137.356709114		True	False	0.075	0.125	1945.0	1944.5205320646232	1500192368	0.01	"[{""end_time"":2015.0,""population"":""Loschbour"",""start_time"":2272.0},{""end_time"":1945.0,""population"":""Han"",""start_time"":2015.0}]"	5.0	complete	0.1	loss
818.6986698384419	1453.301330161558	han_calibration__s0.010000__af0.100000__m0.400000__q5__draw005	0.0	0	500	False	5	0.4	139.33617384799993		True	False	0.075	0.125	1945.0	1944.5205320646232	1702460219	0.01	"[{""end_time"":2015.0,""population"":""Loschbour"",""start_time"":2272.0},{""end_time"":1945.0,""population"":""Han"",""start_time"":2015.0}]"	5.0	complete	0.1	loss
818.6986698384419	1453.301330161558	han_calibration__s0.010000__af0.100000__m0.400000__q5__draw006	0.0	0	500	False	6	0.4	130.80333302800005		True	False	0.075	0.125	1945.0	1944.5205320646232	1067634857	0.01	"[{""end_time"":2015.0,""population"":""Loschbour"",""start_time"":2272.0},{""end_time"":1945.0,""population"":""Han"",""start_time"":2015.0}]"	5.0	complete	0.1	loss
818.6986698384419	1453.301330161558	han_calibration__s0.010000__af0.100000__m0.400000__q5__draw007	0.0	0	500	False	7	0.4	134.825611305		True	False	0.075	0.125	1945.0	1944.5205320646232	2005060581	0.01	"[{""end_time"":2015.0,""population"":""Loschbour"",""start_time"":2272.0},{""end_time"":1945.0,""population"":""Han"",""start_time"":2015.0}]"	5.0	complete	0.1	loss
818.6986698384419	1453.301330161558	han_calibration__s0.010000__af0.100000__m0.400000__q5__draw008	0.0	0	500	False	8	0.4	140.446346479		True	False	0.075	0.125	1945.0	1944.5205320646232	696570478	0.01	"[{""end_time"":2015.0,""population"":""Loschbour"",""start_time"":2272.0},{""end_time"":1945.0,""population"":""Han"",""start_time"":2015.0}]"	5.0	complete	0.1	loss
818.6986698384419	1453.301330161558	han_calibration__s0.010000__af0.100000__m0.400000__q5__draw009	0.064	64	500	False	9	0.4	145.77894521500002		True	True	0.075	0.125	1945.0	1944.5205320646232	1064574840	0.01	"[{""end_time"":2015.0,""population"":""Loschbour"",""start_time"":2272.0},{""end_time"":1945.0,""population"":""Han"",""start_time"":2015.0}]"	5.0	complete	0.1	segregating
818.6986698384419	1453.301330161558	han_calibration__s0.010000__af0.100000__m0.400000__q5__draw010	0.371	371	500	False	10	0.4	142.9551398960001		True	True	0.075	0.125	1945.0	1944.5205320646232	1898300698	0.01	"[{""end_time"":2015.0,""population"":""Loschbour"",""start_time"":2272.0},{""end_time"":1945.0,""population"":""Han"",""start_time"":2015.0}]"	5.0	complete	0.1	segregating
818.6986698384419	1453.301330161558	han_calibration__s0.010000__af0.100000__m0.400000__q5__draw011	0.0	0	500	False	11	0.4	140.05669582999997		True	False	0.075	0.125	1945.0	1944.5205320646232	1285459350	0.01	"[{""end_time"":2015.0,""population"":""Loschbour"",""start_time"":2272.0},{""end_time"":1945.0,""population"":""Han"",""start_time"":2015.0}]"	5.0	complete	0.1	loss
818.6986698384419	1453.301330161558	han_calibration__s0.010000__af0.100000__m0.400000__q5__draw012	0.0	0	500	False	12	0.4	144.30915793200006		True	False	0.075	0.125	1945.0	1944.5205320646232	791334305	0.01	"[{""end_time"":2015.0,""population"":""Loschbour"",""start_time"":2272.0},{""end_time"":1945.0,""population"":""Han"",""start_time"":2015.0}]"	5.0	complete	0.1	loss
818.6986698384419	1453.301330161558	han_calibration__s0.010000__af0.100000__m0.400000__q5__draw013	0.0	0	500	False	13	0.4	142.91779218400006		True	False	0.075	0.125	1945.0	1944.5205320646232	1266649290	0.01	"[{""end_time"":2015.0,""population"":""Loschbour"",""start_time"":2272.0},{""end_time"":1945.0,""population"":""Han"",""start_time"":2015.0}]"	5.0	complete	0.1	loss
818.6986698384419	1453.301330161558	han_calibration__s0.010000__af0.100000__m0.400000__q5__draw014	0.0	0	500	False	14	0.4	138.39508021899996		True	False	0.075	0.125	1945.0	1944.5205320646232	1734295380	0.01	"[{""end_time"":2015.0,""population"":""Loschbour"",""start_time"":2272.0},{""end_time"":1945.0,""population"":""Han"",""start_time"":2015.0}]"	5.0	complete	0.1	loss
818.6986698384419	1453.301330161558	han_calibration__s0.010000__af0.100000__m0.400000__q5__draw015	0.008	8	500	False	15	0.4	143.77127291400006		True	False	0.075	0.125	1945.0	1944.5205320646232	827752451	0.01	"[{""end_time"":2015.0,""population"":""Loschbour"",""start_time"":2272.0},{""end_time"":1945.0,""population"":""Han"",""start_time"":2015.0}]"	5.0	complete	0.1	segregating
818.6986698384419	1453.301330161558	han_calibration__s0.010000__af0.100000__m0.400000__q5__draw016	0.0	0	500	False	16	0.4	134.53043849100004		True	False	0.075	0.125	1945.0	1944.5205320646232	1905133781	0.01	"[{""end_time"":2015.0,""population"":""Loschbour"",""start_time"":2272.0},{""end_time"":1945.0,""population"":""Han"",""start_time"":2015.0}]"	5.0	complete	0.1	loss
818.6986698384419	1453.301330161558	han_calibration__s0.010000__af0.100000__m0.400000__q5__draw017	0.0	0	500	False	17	0.4	139.52935768999998		True	False	0.075	0.125	1945.0	1944.5205320646232	1367171594	0.01	"[{""end_time"":2015.0,""population"":""Loschbour"",""start_time"":2272.0},{""end_time"":1945.0,""population"":""Han"",""start_time"":2015.0}]"	5.0	complete	0.1	loss
818.6986698384419	1453.301330161558	han_calibration__s0.010000__af0.100000__m0.400000__q5__draw018	0.0	0	500	False	18	0.4	140.07143445199995		True	False	0.075	0.125	1945.0	1944.5205320646232	11685003	0.01	"[{""end_time"":2015.0,""population"":""Loschbour"",""start_time"":2272.0},{""end_time"":1945.0,""population"":""Han"",""start_time"":2015.0}]"	5.0	complete	0.1	loss
818.6986698384419	1453.301330161558	han_calibration__s0.010000__af0.100000__m0.400000__q5__draw019	0.0	0	500	False	19	0.4	133.59569396300003		True	False	0.075	0.125	1945.0	1944.5205320646232	901846917	0.01	"[{""end_time"":2015.0,""population"":""Loschbour"",""start_time"":2272.0},{""end_time"":1945.0,""population"":""Han"",""start_time"":2015.0}]"	5.0	complete	0.1	loss
818.6986698384419	1453.301330161558	han_calibration__s0.010000__af0.100000__m0.550000__q5__draw000	0.0	0	500	False	0	0.55	141.89685375299996		True	False	0.075	0.125	1820.0	1821.715731588857	1401046798	0.01	"[{""end_time"":2015.0,""population"":""Loschbour"",""start_time"":2272.0},{""end_time"":1820.0,""population"":""Han"",""start_time"":2015.0}]"	5.0	complete	0.1	loss
818.6986698384419	1453.301330161558	han_calibration__s0.010000__af0.100000__m0.550000__q5__draw001	0.0	0	500	False	1	0.55	132.88394729899994		True	False	0.075	0.125	1820.0	1821.715731588857	1402913068	0.01	"[{""end_time"":2015.0,""population"":""Loschbour"",""start_time"":2272.0},{""end_time"":1820.0,""population"":""Han"",""start_time"":2015.0}]"	5.0	complete	0.1	loss
818.6986698384419	1453.301330161558	han_calibration__s0.010000__af0.100000__m0.550000__q5__draw002	0.0	0	500	False	2	0.55	144.45867246800003		True	False	0.075	0.125	1820.0	1821.715731588857	962666707	0.01	"[{""end_time"":2015.0,""population"":""Loschbour"",""start_time"":2272.0},{""end_time"":1820.0,""population"":""Han"",""start_time"":2015.0}]"	5.0	complete	0.1	loss
818.6986698384419	1453.301330161558	han_calibration__s0.010000__af0.100000__m0.550000__q5__draw003	0.0	0	500	False	3	0.55	135.93354183999998		True	False	0.075	0.125	1820.0	1821.715731588857	590468002	0.01	"[{""end_time"":2015.0,""population"":""Loschbour"",""start_time"":2272.0},{""end_time"":1820.0,""population"":""Han"",""start_time"":2015.0}]"	5.0	complete	0.1	loss
818.6986698384419	1453.301330161558	han_calibration__s0.010000__af0.100000__m0.550000__q5__draw004	0.0	0	500	False	4	0.55	133.973539512		True	False	0.075	0.125	1820.0	1821.715731588857	1428579184	0.01	"[{""end_time"":2015.0,""population"":""Loschbour"",""start_time"":2272.0},{""end_time"":1820.0,""population"":""Han"",""start_time"":2015.0}]"	5.0	complete	0.1	loss
818.6986698384419	1453.301330161558	han_calibration__s0.010000__af0.100000__m0.550000__q5__draw005	0.144	144	500	False	5	0.55	139.28383199300004		True	True	0.075	0.125	1820.0	1821.715731588857	1463236529	0.01	"[{""end_time"":2015.0,""population"":""Loschbour"",""start_time"":2272.0},{""end_time"":1820.0,""population"":""Han"",""start_time"":2015.0}]"	5.0	complete	0.1	segregating
818.6986698384419	1453.301330161558	han_calibration__s0.010000__af0.100000__m0.550000__q5__draw006	0.0	0	500	False	6	0.55	131.26969294000003		True	False	0.075	0.125	1820.0	1821.715731588857	733648465	0.01	"[{""end_time"":2015.0,""population"":""Loschbour"",""start_time"":2272.0},{""end_time"":1820.0,""population"":""Han"",""start_time"":2015.0}]"	5.0	complete	0.1	loss
818.6986698384419	1453.301330161558	han_calibration__s0.010000__af0.100000__m0.550000__q5__draw007	0.0	0	500	False	7	0.55	137.826627959		True	False	0.075	0.125	1820.0	1821.715731588857	1962333933	0.01	"[{""end_time"":2015.0,""population"":""Loschbour"",""start_time"":2272.0},{""end_time"":1820.0,""population"":""Han"",""start_time"":2015.0}]"	5.0	complete	0.1	loss
818.6986698384419	1453.301330161558	han_calibration__s0.010000__af0.100000__m0.550000__q5__draw008	0.0	0	500	False	8	0.55	133.76426240700005		True	False	0.075	0.125	1820.0	1821.715731588857	30159325	0.01	"[{""end_time"":2015.0,""population"":""Loschbour"",""start_time"":2272.0},{""end_time"":1820.0,""population"":""Han"",""start_time"":2015.0}]"	5.0	complete	0.1	loss
818.6986698384419	1453.301330161558	han_calibration__s0.010000__af0.100000__m0.550000__q5__draw009	0.0	0	500	False	9	0.55	137.92855838900005		True	False	0.075	0.125	1820.0	1821.715731588857	675646263	0.01	"[{""end_time"":2015.0,""population"":""Loschbour"",""start_time"":2272.0},{""end_time"":1820.0,""population"":""Han"",""start_time"":2015.0}]"	5.0	complete	0.1	loss
818.6986698384419	1453.301330161558	han_calibration__s0.010000__af0.100000__m0.550000__q5__draw010	0.0	0	500	False	10	0.55	144.41116694899995		True	False	0.075	0.125	1820.0	1821.715731588857	1574272064	0.01	"[{""end_time"":2015.0,""population"":""Loschbour"",""start_time"":2272.0},{""end_time"":1820.0,""population"":""Han"",""start_time"":2015.0}]"	5.0	complete	0.1	loss
818.6986698384419	1453.301330161558	han_calibration__s0.010000__af0.100000__m0.550000__q5__draw011	0.0	0	500	False	11	0.55	148.78851359400005		True	False	0.075	0.125	1820.0	1821.715731588857	1643977952	0.01	"[{""end_time"":2015.0,""population"":""Loschbour"",""start_time"":2272.0},{""end_time"":1820.0,""population"":""Han"",""start_time"":2015.0}]"	5.0	complete	0.1	loss
818.6986698384419	1453.301330161558	han_calibration__s0.010000__af0.100000__m0.550000__q5__draw012	0.0	0	500	False	12	0.55	135.92679952000003		True	False	0.075	0.125	1820.0	1821.715731588857	1753534185	0.01	"[{""end_time"":2015.0,""population"":""Loschbour"",""start_time"":2272.0},{""end_time"":1820.0,""population"":""Han"",""start_time"":2015.0}]"	5.0	complete	0.1	loss
818.6986698384419	1453.301330161558	han_calibration__s0.010000__af0.100000__m0.550000__q5__draw013	0.0	0	500	False	13	0.55	136.01247183399994		True	False	0.075	0.125	1820.0	1821.715731588857	456148034	0.01	"[{""end_time"":2015.0,""population"":""Loschbour"",""start_time"":2272.0},{""end_time"":1820.0,""population"":""Han"",""start_time"":2015.0}]"	5.0	complete	0.1	loss
818.6986698384419	1453.301330161558	han_calibration__s0.010000__af0.100000__m0.550000__q5__draw014	0.0	0	500	False	14	0.55	137.20537728		True	False	0.075	0.125	1820.0	1821.715731588857	652080258	0.01	"[{""end_time"":2015.0,""population"":""Loschbour"",""start_time"":2272.0},{""end_time"":1820.0,""population"":""Han"",""start_time"":2015.0}]"	5.0	complete	0.1	loss
818.6986698384419	1453.301330161558	han_calibration__s0.010000__af0.100000__m0.550000__q5__draw015	0.0	0	500	False	15	0.55	140.27444066099997		True	False	0.075	0.125	1820.0	1821.715731588857	1572076548	0.01	"[{""end_time"":2015.0,""population"":""Loschbour"",""start_time"":2272.0},{""end_time"":1820.0,""population"":""Han"",""start_time"":2015.0}]"	5.0	complete	0.1	loss
818.6986698384419	1453.301330161558	han_calibration__s0.010000__af0.100000__m0.550000__q5__draw016	0.0	0	500	False	16	0.55	135.80955319099996		True	False	0.075	0.125	1820.0	1821.715731588857	1837557186	0.01	"[{""end_time"":2015.0,""population"":""Loschbour"",""start_time"":2272.0},{""end_time"":1820.0,""population"":""Han"",""start_time"":2015.0}]"	5.0	complete	0.1	loss
818.6986698384419	1453.301330161558	han_calibration__s0.010000__af0.100000__m0.550000__q5__draw017	0.0	0	500	False	17	0.55	136.8407615540001		True	False	0.075	0.125	1820.0	1821.715731588857	1707399878	0.01	"[{""end_time"":2015.0,""population"":""Loschbour"",""start_time"":2272.0},{""end_time"":1820.0,""population"":""Han"",""start_time"":2015.0}]"	5.0	complete	0.1	loss
818.6986698384419	1453.301330161558	han_calibration__s0.010000__af0.100000__m0.550000__q5__draw018	0.0	0	500	False	18	0.55	130.65812802599999		True	False	0.075	0.125	1820.0	1821.715731588857	1768686	0.01	"[{""end_time"":2015.0,""population"":""Loschbour"",""start_time"":2272.0},{""end_time"":1820.0,""population"":""Han"",""start_time"":2015.0}]"	5.0	complete	0.1	loss
818.6986698384419	1453.301330161558	han_calibration__s0.010000__af0.100000__m0.550000__q5__draw019	0.0	0	500	False	19	0.55	129.89894650899998		True	False	0.075	0.125	1820.0	1821.715731588857	1680216720	0.01	"[{""end_time"":2015.0,""population"":""Loschbour"",""start_time"":2272.0},{""end_time"":1820.0,""population"":""Han"",""start_time"":2015.0}]"	5.0	complete	0.1	loss
818.6986698384419	1453.301330161558	han_calibration__s0.010000__af0.100000__m0.700000__q5__draw000	0.0	0	500	False	0	0.7	140.4238461299999		True	False	0.075	0.125	1700.0	1698.9109311130906	1081602137	0.01	"[{""end_time"":2015.0,""population"":""Loschbour"",""start_time"":2272.0},{""end_time"":1700.0,""population"":""Han"",""start_time"":2015.0}]"	5.0	complete	0.1	loss
818.6986698384419	1453.301330161558	han_calibration__s0.010000__af0.100000__m0.700000__q5__draw001	0.0	0	500	False	1	0.7	137.03460256800008		True	False	0.075	0.125	1700.0	1698.9109311130906	639087074	0.01	"[{""end_time"":2015.0,""population"":""Loschbour"",""start_time"":2272.0},{""end_time"":1700.0,""population"":""Han"",""start_time"":2015.0}]"	5.0	complete	0.1	loss
818.6986698384419	1453.301330161558	han_calibration__s0.010000__af0.100000__m0.700000__q5__draw002	0.0	0	500	False	2	0.7	134.10913696399996		True	False	0.075	0.125	1700.0	1698.9109311130906	1540062231	0.01	"[{""end_time"":2015.0,""population"":""Loschbour"",""start_time"":2272.0},{""end_time"":1700.0,""population"":""Han"",""start_time"":2015.0}]"	5.0	complete	0.1	loss
818.6986698384419	1453.301330161558	han_calibration__s0.010000__af0.100000__m0.700000__q5__draw003	0.0	0	500	False	3	0.7	139.969003607		True	False	0.075	0.125	1700.0	1698.9109311130906	1247295209	0.01	"[{""end_time"":2015.0,""population"":""Loschbour"",""start_time"":2272.0},{""end_time"":1700.0,""population"":""Han"",""start_time"":2015.0}]"	5.0	complete	0.1	loss
818.6986698384419	1453.301330161558	han_calibration__s0.010000__af0.100000__m0.700000__q5__draw004	0.0	0	500	False	4	0.7	144.07210969300002		True	False	0.075	0.125	1700.0	1698.9109311130906	1673250600	0.01	"[{""end_time"":2015.0,""population"":""Loschbour"",""start_time"":2272.0},{""end_time"":1700.0,""population"":""Han"",""start_time"":2015.0}]"	5.0	complete	0.1	loss
818.6986698384419	1453.301330161558	han_calibration__s0.010000__af0.100000__m0.700000__q5__draw005	0.0	0	500	False	5	0.7	136.63495502699993		True	False	0.075	0.125	1700.0	1698.9109311130906	664341009	0.01	"[{""end_time"":2015.0,""population"":""Loschbour"",""start_time"":2272.0},{""end_time"":1700.0,""population"":""Han"",""start_time"":2015.0}]"	5.0	complete	0.1	loss
818.6986698384419	1453.301330161558	han_calibration__s0.010000__af0.100000__m0.700000__q5__draw006	0.0	0	500	False	6	0.7	140.38712514199995		True	False	0.075	0.125	1700.0	1698.9109311130906	2017753688	0.01	"[{""end_time"":2015.0,""population"":""Loschbour"",""start_time"":2272.0},{""end_time"":1700.0,""population"":""Han"",""start_time"":2015.0}]"	5.0	complete	0.1	loss
818.6986698384419	1453.301330161558	han_calibration__s0.010000__af0.100000__m0.700000__q5__draw007	0.0	0	500	False	7	0.7	136.54510616699997		True	False	0.075	0.125	1700.0	1698.9109311130906	539192629	0.01	"[{""end_time"":2015.0,""population"":""Loschbour"",""start_time"":2272.0},{""end_time"":1700.0,""population"":""Han"",""start_time"":2015.0}]"	5.0	complete	0.1	loss
818.6986698384419	1453.301330161558	han_calibration__s0.010000__af0.100000__m0.700000__q5__draw008	0.0	0	500	False	8	0.7	147.18768530400007		True	False	0.075	0.125	1700.0	1698.9109311130906	1393927229	0.01	"[{""end_time"":2015.0,""population"":""Loschbour"",""start_time"":2272.0},{""end_time"":1700.0,""population"":""Han"",""start_time"":2015.0}]"	5.0	complete	0.1	loss
818.6986698384419	1453.301330161558	han_calibration__s0.010000__af0.100000__m0.700000__q5__draw009	0.0	0	500	False	9	0.7	136.42507172299997		True	False	0.075	0.125	1700.0	1698.9109311130906	1890365386	0.01	"[{""end_time"":2015.0,""population"":""Loschbour"",""start_time"":2272.0},{""end_time"":1700.0,""population"":""Han"",""start_time"":2015.0}]"	5.0	complete	0.1	loss
818.6986698384419	1453.301330161558	han_calibration__s0.010000__af0.100000__m0.700000__q5__draw010	0.0	0	500	False	10	0.7	135.14274698299994		True	False	0.075	0.125	1700.0	1698.9109311130906	1461792277	0.01	"[{""end_time"":2015.0,""population"":""Loschbour"",""start_time"":2272.0},{""end_time"":1700.0,""population"":""Han"",""start_time"":2015.0}]"	5.0	complete	0.1	loss
818.6986698384419	1453.301330161558	han_calibration__s0.010000__af0.100000__m0.700000__q5__draw011	0.0	0	500	False	11	0.7	132.04039421899995		True	False	0.075	0.125	1700.0	1698.9109311130906	283180569	0.01	"[{""end_time"":2015.0,""population"":""Loschbour"",""start_time"":2272.0},{""end_time"":1700.0,""population"":""Han"",""start_time"":2015.0}]"	5.0	complete	0.1	loss
818.6986698384419	1453.301330161558	han_calibration__s0.010000__af0.100000__m0.700000__q5__draw012	0.0	0	500	False	12	0.7	134.29123024900002		True	False	0.075	0.125	1700.0	1698.9109311130906	2110441010	0.01	"[{""end_time"":2015.0,""population"":""Loschbour"",""start_time"":2272.0},{""end_time"":1700.0,""population"":""Han"",""start_time"":2015.0}]"	5.0	complete	0.1	loss
818.6986698384419	1453.301330161558	han_calibration__s0.010000__af0.100000__m0.700000__q5__draw013	0.0	0	500	False	13	0.7	135.01161048699998		True	False	0.075	0.125	1700.0	1698.9109311130906	335614314	0.01	"[{""end_time"":2015.0,""population"":""Loschbour"",""start_time"":2272.0},{""end_time"":1700.0,""population"":""Han"",""start_time"":2015.0}]"	5.0	complete	0.1	loss
818.6986698384419	1453.301330161558	han_calibration__s0.010000__af0.100000__m0.700000__q5__draw014	0.0	0	500	False	14	0.7	140.576964751		True	False	0.075	0.125	1700.0	1698.9109311130906	506696511	0.01	"[{""end_time"":2015.0,""population"":""Loschbour"",""start_time"":2272.0},{""end_time"":1700.0,""population"":""Han"",""start_time"":2015.0}]"	5.0	complete	0.1	loss
818.6986698384419	1453.301330161558	han_calibration__s0.010000__af0.100000__m0.700000__q5__draw015	0.0	0	500	False	15	0.7	140.16649560300004		True	False	0.075	0.125	1700.0	1698.9109311130906	467024003	0.01	"[{""end_time"":2015.0,""population"":""Loschbour"",""start_time"":2272.0},{""end_time"":1700.0,""population"":""Han"",""start_time"":2015.0}]"	5.0	complete	0.1	loss
818.6986698384419	1453.301330161558	han_calibration__s0.010000__af0.100000__m0.700000__q5__draw016	0.0	0	500	False	16	0.7	140.95862945399995		True	False	0.075	0.125	1700.0	1698.9109311130906	865131098	0.01	"[{""end_time"":2015.0,""population"":""Loschbour"",""start_time"":2272.0},{""end_time"":1700.0,""population"":""Han"",""start_time"":2015.0}]"	5.0	complete	0.1	loss
818.6986698384419	1453.301330161558	han_calibration__s0.010000__af0.100000__m0.700000__q5__draw017	0.0	0	500	False	17	0.7	139.01461370800007		True	False	0.075	0.125	1700.0	1698.9109311130906	537661655	0.01	"[{""end_time"":2015.0,""population"":""Loschbour"",""start_time"":2272.0},{""end_time"":1700.0,""population"":""Han"",""start_time"":2015.0}]"	5.0	complete	0.1	loss
818.6986698384419	1453.301330161558	han_calibration__s0.010000__af0.100000__m0.700000__q5__draw018	0.045	45	500	False	18	0.7	138.44751534		True	False	0.075	0.125	1700.0	1698.9109311130906	512400444	0.01	"[{""end_time"":2015.0,""population"":""Loschbour"",""start_time"":2272.0},{""end_time"":1700.0,""population"":""Han"",""start_time"":2015.0}]"	5.0	complete	0.1	segregating
818.6986698384419	1453.301330161558	han_calibration__s0.010000__af0.100000__m0.700000__q5__draw019	0.0	0	500	False	19	0.7	134.3530819880001		True	False	0.075	0.125	1700.0	1698.9109311130906	908909137	0.01	"[{""end_time"":2015.0,""population"":""Loschbour"",""start_time"":2272.0},{""end_time"":1700.0,""population"":""Han"",""start_time"":2015.0}]"	5.0	complete	0.1	loss
818.6986698384419	1453.301330161558	han_calibration__s0.010000__af0.100000__m0.850000__q5__draw000	0.0	0	500	False	0	0.85	139.56523851600002		True	False	0.075	0.125	1575.0	1576.1061306373244	1242986617	0.01	"[{""end_time"":2015.0,""population"":""Loschbour"",""start_time"":2272.0},{""end_time"":1575.0,""population"":""Han"",""start_time"":2015.0}]"	5.0	complete	0.1	loss
818.6986698384419	1453.301330161558	han_calibration__s0.010000__af0.100000__m0.850000__q5__draw001	0.0	0	500	False	1	0.85	142.24236658099994		True	False	0.075	0.125	1575.0	1576.1061306373244	46865119	0.01	"[{""end_time"":2015.0,""population"":""Loschbour"",""start_time"":2272.0},{""end_time"":1575.0,""population"":""Han"",""start_time"":2015.0}]"	5.0	complete	0.1	loss
818.6986698384419	1453.301330161558	han_calibration__s0.010000__af0.100000__m0.850000__q5__draw002	0.0	0	500	False	2	0.85	135.94295569200006		True	False	0.075	0.125	1575.0	1576.1061306373244	184363379	0.01	"[{""end_time"":2015.0,""population"":""Loschbour"",""start_time"":2272.0},{""end_time"":1575.0,""population"":""Han"",""start_time"":2015.0}]"	5.0	complete	0.1	loss
818.6986698384419	1453.301330161558	han_calibration__s0.010000__af0.100000__m0.850000__q5__draw003	0.0	0	500	False	3	0.85	135.396554454		True	False	0.075	0.125	1575.0	1576.1061306373244	1301145723	0.01	"[{""end_time"":2015.0,""population"":""Loschbour"",""start_time"":2272.0},{""end_time"":1575.0,""population"":""Han"",""start_time"":2015.0}]"	5.0	complete	0.1	loss
818.6986698384419	1453.301330161558	han_calibration__s0.010000__af0.100000__m0.850000__q5__draw004	0.0	0	500	False	4	0.85	143.27182285399988		True	False	0.075	0.125	1575.0	1576.1061306373244	1218502182	0.01	"[{""end_time"":2015.0,""population"":""Loschbour"",""start_time"":2272.0},{""end_time"":1575.0,""population"":""Han"",""start_time"":2015.0}]"	5.0	complete	0.1	loss
818.6986698384419	1453.301330161558	han_calibration__s0.010000__af0.100000__m0.850000__q5__draw005	0.0	0	500	False	5	0.85	139.98350902300012		True	False	0.075	0.125	1575.0	1576.1061306373244	600005183	0.01	"[{""end_time"":2015.0,""population"":""Loschbour"",""start_time"":2272.0},{""end_time"":1575.0,""population"":""Han"",""start_time"":2015.0}]"	5.0	complete	0.1	loss
818.6986698384419	1453.301330161558	han_calibration__s0.010000__af0.100000__m0.850000__q5__draw006	0.0	0	500	False	6	0.85	135.83866768600012		True	False	0.075	0.125	1575.0	1576.1061306373244	768115774	0.01	"[{""end_time"":2015.0,""population"":""Loschbour"",""start_time"":2272.0},{""end_time"":1575.0,""population"":""Han"",""start_time"":2015.0}]"	5.0	complete	0.1	loss
818.6986698384419	1453.301330161558	han_calibration__s0.010000__af0.100000__m0.850000__q5__draw007	0.072	72	500	False	7	0.85	143.105781998		True	False	0.075	0.125	1575.0	1576.1061306373244	1044170312	0.01	"[{""end_time"":2015.0,""population"":""Loschbour"",""start_time"":2272.0},{""end_time"":1575.0,""population"":""Han"",""start_time"":2015.0}]"	5.0	complete	0.1	segregating
818.6986698384419	1453.301330161558	han_calibration__s0.010000__af0.100000__m0.850000__q5__draw008	0.0	0	500	False	8	0.85	140.97925503500005		True	False	0.075	0.125	1575.0	1576.1061306373244	109057931	0.01	"[{""end_time"":2015.0,""population"":""Loschbour"",""start_time"":2272.0},{""end_time"":1575.0,""population"":""Han"",""start_time"":2015.0}]"	5.0	complete	0.1	loss
818.6986698384419	1453.301330161558	han_calibration__s0.010000__af0.100000__m0.850000__q5__draw009	0.0	0	500	False	9	0.85	137.46434336700008		True	False	0.075	0.125	1575.0	1576.1061306373244	1617476460	0.01	"[{""end_time"":2015.0,""population"":""Loschbour"",""start_time"":2272.0},{""end_time"":1575.0,""population"":""Han"",""start_time"":2015.0}]"	5.0	complete	0.1	loss
818.6986698384419	1453.301330161558	han_calibration__s0.010000__af0.100000__m0.850000__q5__draw010	0.0	0	500	False	10	0.85	139.53695152499995		True	False	0.075	0.125	1575.0	1576.1061306373244	2026685184	0.01	"[{""end_time"":2015.0,""population"":""Loschbour"",""start_time"":2272.0},{""end_time"":1575.0,""population"":""Han"",""start_time"":2015.0}]"	5.0	complete	0.1	loss
818.6986698384419	1453.301330161558	han_calibration__s0.010000__af0.100000__m0.850000__q5__draw011	0.0	0	500	False	11	0.85	138.9469217830001		True	False	0.075	0.125	1575.0	1576.1061306373244	1843095883	0.01	"[{""end_time"":2015.0,""population"":""Loschbour"",""start_time"":2272.0},{""end_time"":1575.0,""population"":""Han"",""start_time"":2015.0}]"	5.0	complete	0.1	loss
818.6986698384419	1453.301330161558	han_calibration__s0.010000__af0.100000__m0.850000__q5__draw012	0.0	0	500	False	12	0.85	143.7969748989999		True	False	0.075	0.125	1575.0	1576.1061306373244	1262731428	0.01	"[{""end_time"":2015.0,""population"":""Loschbour"",""start_time"":2272.0},{""end_time"":1575.0,""population"":""Han"",""start_time"":2015.0}]"	5.0	complete	0.1	loss
818.6986698384419	1453.301330161558	han_calibration__s0.010000__af0.100000__m0.850000__q5__draw013	0.262	262	500	False	13	0.85	141.59389364499998		True	True	0.075	0.125	1575.0	1576.1061306373244	850559079	0.01	"[{""end_time"":2015.0,""population"":""Loschbour"",""start_time"":2272.0},{""end_time"":1575.0,""population"":""Han"",""start_time"":2015.0}]"	5.0	complete	0.1	segregating
818.6986698384419	1453.301330161558	han_calibration__s0.010000__af0.100000__m0.850000__q5__draw014	0.0	0	500	False	14	0.85	152.21517802900007		True	False	0.075	0.125	1575.0	1576.1061306373244	1583616594	0.01	"[{""end_time"":2015.0,""population"":""Loschbour"",""start_time"":2272.0},{""end_time"":1575.0,""population"":""Han"",""start_time"":2015.0}]"	5.0	complete	0.1	loss
818.6986698384419	1453.301330161558	han_calibration__s0.010000__af0.100000__m0.850000__q5__draw015	0.486	486	500	False	15	0.85	144.06269121599985		True	True	0.075	0.125	1575.0	1576.1061306373244	1032916709	0.01	"[{""end_time"":2015.0,""population"":""Loschbour"",""start_time"":2272.0},{""end_time"":1575.0,""population"":""Han"",""start_time"":2015.0}]"	5.0	complete	0.1	segregating
818.6986698384419	1453.301330161558	han_calibration__s0.010000__af0.100000__m0.850000__q5__draw016	0.0	0	500	False	16	0.85	142.96321261100002		True	False	0.075	0.125	1575.0	1576.1061306373244	1206030675	0.01	"[{""end_time"":2015.0,""population"":""Loschbour"",""start_time"":2272.0},{""end_time"":1575.0,""population"":""Han"",""start_time"":2015.0}]"	5.0	complete	0.1	loss
818.6986698384419	1453.301330161558	han_calibration__s0.010000__af0.100000__m0.850000__q5__draw017	0.0	0	500	False	17	0.85	140.11495283199997		True	False	0.075	0.125	1575.0	1576.1061306373244	1629045384	0.01	"[{""end_time"":2015.0,""population"":""Loschbour"",""start_time"":2272.0},{""end_time"":1575.0,""population"":""Han"",""start_time"":2015.0}]"	5.0	complete	0.1	loss
818.6986698384419	1453.301330161558	han_calibration__s0.010000__af0.100000__m0.850000__q5__draw018	0.0	0	500	False	18	0.85	139.96793641599993		True	False	0.075	0.125	1575.0	1576.1061306373244	722421402	0.01	"[{""end_time"":2015.0,""population"":""Loschbour"",""start_time"":2272.0},{""end_time"":1575.0,""population"":""Han"",""start_time"":2015.0}]"	5.0	complete	0.1	loss
818.6986698384419	1453.301330161558	han_calibration__s0.010000__af0.100000__m0.850000__q5__draw019	0.0	0	500	False	19	0.85	141.6747196639999		True	False	0.075	0.125	1575.0	1576.1061306373244	1266479805	0.01	"[{""end_time"":2015.0,""population"":""Loschbour"",""start_time"":2272.0},{""end_time"":1575.0,""population"":""Han"",""start_time"":2015.0}]"	5.0	complete	0.1	loss
818.6986698384419	1453.301330161558	han_calibration__s0.010000__af0.100000__m1.000000__q5__draw000	0.0	0	500	False	0	1.0	152.42689120800014		True	False	0.075	0.125	1455.0	1453.301330161558	2048919205	0.01	"[{""end_time"":2015.0,""population"":""Loschbour"",""start_time"":2272.0},{""end_time"":1455.0,""population"":""Han"",""start_time"":2015.0}]"	5.0	complete	0.1	loss
818.6986698384419	1453.301330161558	han_calibration__s0.010000__af0.100000__m1.000000__q5__draw001	0.0	0	500	False	1	1.0	138.38400504599986		True	False	0.075	0.125	1455.0	1453.301330161558	2138299845	0.01	"[{""end_time"":2015.0,""population"":""Loschbour"",""start_time"":2272.0},{""end_time"":1455.0,""population"":""Han"",""start_time"":2015.0}]"	5.0	complete	0.1	loss
818.6986698384419	1453.301330161558	han_calibration__s0.010000__af0.100000__m1.000000__q5__draw002	0.0	0	500	False	2	1.0	140.82532951199983		True	False	0.075	0.125	1455.0	1453.301330161558	1366094276	0.01	"[{""end_time"":2015.0,""population"":""Loschbour"",""start_time"":2272.0},{""end_time"":1455.0,""population"":""Han"",""start_time"":2015.0}]"	5.0	complete	0.1	loss
818.6986698384419	1453.301330161558	han_calibration__s0.010000__af0.100000__m1.000000__q5__draw003	0.0	0	500	False	3	1.0	136.04516324799988		True	False	0.075	0.125	1455.0	1453.301330161558	426110316	0.01	"[{""end_time"":2015.0,""population"":""Loschbour"",""start_time"":2272.0},{""end_time"":1455.0,""population"":""Han"",""start_time"":2015.0}]"	5.0	complete	0.1	loss
818.6986698384419	1453.301330161558	han_calibration__s0.010000__af0.100000__m1.000000__q5__draw004	0.0	0	500	False	4	1.0	140.499441553		True	False	0.075	0.125	1455.0	1453.301330161558	185190042	0.01	"[{""end_time"":2015.0,""population"":""Loschbour"",""start_time"":2272.0},{""end_time"":1455.0,""population"":""Han"",""start_time"":2015.0}]"	5.0	complete	0.1	loss
818.6986698384419	1453.301330161558	han_calibration__s0.010000__af0.100000__m1.000000__q5__draw005	0.0	0	500	False	5	1.0	143.0387734850001		True	False	0.075	0.125	1455.0	1453.301330161558	801954210	0.01	"[{""end_time"":2015.0,""population"":""Loschbour"",""start_time"":2272.0},{""end_time"":1455.0,""population"":""Han"",""start_time"":2015.0}]"	5.0	complete	0.1	loss
818.6986698384419	1453.301330161558	han_calibration__s0.010000__af0.100000__m1.000000__q5__draw006	0.0	0	500	False	6	1.0	143.16453015600018		True	False	0.075	0.125	1455.0	1453.301330161558	486517102	0.01	"[{""end_time"":2015.0,""population"":""Loschbour"",""start_time"":2272.0},{""end_time"":1455.0,""population"":""Han"",""start_time"":2015.0}]"	5.0	complete	0.1	loss
818.6986698384419	1453.301330161558	han_calibration__s0.010000__af0.100000__m1.000000__q5__draw007	0.553	553	500	False	7	1.0	138.52819819399997		True	True	0.075	0.125	1455.0	1453.301330161558	1525854555	0.01	"[{""end_time"":2015.0,""population"":""Loschbour"",""start_time"":2272.0},{""end_time"":1455.0,""population"":""Han"",""start_time"":2015.0}]"	5.0	complete	0.1	segregating
818.6986698384419	1453.301330161558	han_calibration__s0.010000__af0.100000__m1.000000__q5__draw008	0.0	0	500	False	8	1.0	146.25470515899997		True	False	0.075	0.125	1455.0	1453.301330161558	871582226	0.01	"[{""end_time"":2015.0,""population"":""Loschbour"",""start_time"":2272.0},{""end_time"":1455.0,""population"":""Han"",""start_time"":2015.0}]"	5.0	complete	0.1	loss
818.6986698384419	1453.301330161558	han_calibration__s0.010000__af0.100000__m1.000000__q5__draw009	0.0	0	500	False	9	1.0	136.23933447000013		True	False	0.075	0.125	1455.0	1453.301330161558	2040473445	0.01	"[{""end_time"":2015.0,""population"":""Loschbour"",""start_time"":2272.0},{""end_time"":1455.0,""population"":""Han"",""start_time"":2015.0}]"	5.0	complete	0.1	loss
818.6986698384419	1453.301330161558	han_calibration__s0.010000__af0.100000__m1.000000__q5__draw010	0.0	0	500	False	10	1.0	133.30409751800016		True	False	0.075	0.125	1455.0	1453.301330161558	483433808	0.01	"[{""end_time"":2015.0,""population"":""Loschbour"",""start_time"":2272.0},{""end_time"":1455.0,""population"":""Han"",""start_time"":2015.0}]"	5.0	complete	0.1	loss
818.6986698384419	1453.301330161558	han_calibration__s0.010000__af0.100000__m1.000000__q5__draw011	0.405	405	500	False	11	1.0	143.45311936299981		True	True	0.075	0.125	1455.0	1453.301330161558	1574852849	0.01	"[{""end_time"":2015.0,""population"":""Loschbour"",""start_time"":2272.0},{""end_time"":1455.0,""population"":""Han"",""start_time"":2015.0}]"	5.0	complete	0.1	segregating
818.6986698384419	1453.301330161558	han_calibration__s0.010000__af0.100000__m1.000000__q5__draw012	0.0	0	500	False	12	1.0	142.1476640110002		True	False	0.075	0.125	1455.0	1453.301330161558	939352565	0.01	"[{""end_time"":2015.0,""population"":""Loschbour"",""start_time"":2272.0},{""end_time"":1455.0,""population"":""Han"",""start_time"":2015.0}]"	5.0	complete	0.1	loss
818.6986698384419	1453.301330161558	han_calibration__s0.010000__af0.100000__m1.000000__q5__draw013	0.0	0	500	False	13	1.0	143.41871587700007		True	False	0.075	0.125	1455.0	1453.301330161558	448113967	0.01	"[{""end_time"":2015.0,""population"":""Loschbour"",""start_time"":2272.0},{""end_time"":1455.0,""population"":""Han"",""start_time"":2015.0}]"	5.0	complete	0.1	loss
818.6986698384419	1453.301330161558	han_calibration__s0.010000__af0.100000__m1.000000__q5__draw014	0.258	258	500	False	14	1.0	141.00345518199993		True	True	0.075	0.125	1455.0	1453.301330161558	360702290	0.01	"[{""end_time"":2015.0,""population"":""Loschbour"",""start_time"":2272.0},{""end_time"":1455.0,""population"":""Han"",""start_time"":2015.0}]"	5.0	complete	0.1	segregating
818.6986698384419	1453.301330161558	han_calibration__s0.010000__af0.100000__m1.000000__q5__draw015	0.0	0	500	False	15	1.0	138.75386857800004		True	False	0.075	0.125	1455.0	1453.301330161558	292794396	0.01	"[{""end_time"":2015.0,""population"":""Loschbour"",""start_time"":2272.0},{""end_time"":1455.0,""population"":""Han"",""start_time"":2015.0}]"	5.0	complete	0.1	loss
818.6986698384419	1453.301330161558	han_calibration__s0.010000__af0.100000__m1.000000__q5__draw016	0.0	0	500	False	16	1.0	144.109035663		True	False	0.075	0.125	1455.0	1453.301330161558	547152339	0.01	"[{""end_time"":2015.0,""population"":""Loschbour"",""start_time"":2272.0},{""end_time"":1455.0,""population"":""Han"",""start_time"":2015.0}]"	5.0	complete	0.1	loss
818.6986698384419	1453.301330161558	han_calibration__s0.010000__af0.100000__m1.000000__q5__draw017	0.0	0	500	False	17	1.0	145.189887838		True	False	0.075	0.125	1455.0	1453.301330161558	1547867556	0.01	"[{""end_time"":2015.0,""population"":""Loschbour"",""start_time"":2272.0},{""end_time"":1455.0,""population"":""Han"",""start_time"":2015.0}]"	5.0	complete	0.1	loss
818.6986698384419	1453.301330161558	han_calibration__s0.010000__af0.100000__m1.000000__q5__draw018	0.0	0	500	False	18	1.0	138.78008624599988		True	False	0.075	0.125	1455.0	1453.301330161558	209746705	0.01	"[{""end_time"":2015.0,""population"":""Loschbour"",""start_time"":2272.0},{""end_time"":1455.0,""population"":""Han"",""start_time"":2015.0}]"	5.0	complete	0.1	loss
818.6986698384419	1453.301330161558	han_calibration__s0.010000__af0.100000__m1.000000__q5__draw019	0.0	0	500	False	19	1.0	143.98026281600005		True	False	0.075	0.125	1455.0	1453.301330161558	1150496236	0.01	"[{""end_time"":2015.0,""population"":""Loschbour"",""start_time"":2272.0},{""end_time"":1455.0,""population"":""Han"",""start_time"":2015.0}]"	5.0	complete	0.1	loss
980.8847130817076	1291.1152869182924	han_calibration__s0.010000__af0.200000__m0.150000__q5__draw000	0.0	0	500	False	0	0.15	137.19713852400014		True	False	0.175	0.225	2125.0	2124.867293037744	784396191	0.01	"[{""end_time"":2125.0,""population"":""Loschbour"",""start_time"":2272.0}]"	5.0	complete	0.2	loss
980.8847130817076	1291.1152869182924	han_calibration__s0.010000__af0.200000__m0.150000__q5__draw001	0.0	0	500	False	1	0.15	144.03883164399986		True	False	0.175	0.225	2125.0	2124.867293037744	1175777353	0.01	"[{""end_time"":2125.0,""population"":""Loschbour"",""start_time"":2272.0}]"	5.0	complete	0.2	loss
980.8847130817076	1291.1152869182924	han_calibration__s0.010000__af0.200000__m0.150000__q5__draw002	0.0	0	500	False	2	0.15	141.0524566309998		True	False	0.175	0.225	2125.0	2124.867293037744	656720887	0.01	"[{""end_time"":2125.0,""population"":""Loschbour"",""start_time"":2272.0}]"	5.0	complete	0.2	loss
980.8847130817076	1291.1152869182924	han_calibration__s0.010000__af0.200000__m0.150000__q5__draw003	0.0	0	500	False	3	0.15	144.32335020300002		True	False	0.175	0.225	2125.0	2124.867293037744	1177751114	0.01	"[{""end_time"":2125.0,""population"":""Loschbour"",""start_time"":2272.0}]"	5.0	complete	0.2	loss
980.8847130817076	1291.1152869182924	han_calibration__s0.010000__af0.200000__m0.150000__q5__draw004	0.0	0	500	False	4	0.15	138.05225614300002		True	False	0.175	0.225	2125.0	2124.867293037744	790075517	0.01	"[{""end_time"":2125.0,""population"":""Loschbour"",""start_time"":2272.0}]"	5.0	complete	0.2	loss
980.8847130817076	1291.1152869182924	han_calibration__s0.010000__af0.200000__m0.150000__q5__draw005	0.0	0	500	False	5	0.15	147.68435608900018		True	False	0.175	0.225	2125.0	2124.867293037744	2082439312	0.01	"[{""end_time"":2125.0,""population"":""Loschbour"",""start_time"":2272.0}]"	5.0	complete	0.2	loss
980.8847130817076	1291.1152869182924	han_calibration__s0.010000__af0.200000__m0.150000__q5__draw006	0.0	0	500	False	6	0.15	139.51512611499993		True	False	0.175	0.225	2125.0	2124.867293037744	220030640	0.01	"[{""end_time"":2125.0,""population"":""Loschbour"",""start_time"":2272.0}]"	5.0	complete	0.2	loss
980.8847130817076	1291.1152869182924	han_calibration__s0.010000__af0.200000__m0.150000__q5__draw007	0.0	0	500	False	7	0.15	141.00984560400002		True	False	0.175	0.225	2125.0	2124.867293037744	1388085735	0.01	"[{""end_time"":2125.0,""population"":""Loschbour"",""start_time"":2272.0}]"	5.0	complete	0.2	loss
980.8847130817076	1291.1152869182924	han_calibration__s0.010000__af0.200000__m0.150000__q5__draw008	0.0	0	500	False	8	0.15	138.86767882100003		True	False	0.175	0.225	2125.0	2124.867293037744	2060092285	0.01	"[{""end_time"":2125.0,""population"":""Loschbour"",""start_time"":2272.0}]"	5.0	complete	0.2	loss
980.8847130817076	1291.1152869182924	han_calibration__s0.010000__af0.200000__m0.150000__q5__draw009	0.0	0	500	False	9	0.15	141.42805077699995		True	False	0.175	0.225	2125.0	2124.867293037744	2121439784	0.01	"[{""end_time"":2125.0,""population"":""Loschbour"",""start_time"":2272.0}]"	5.0	complete	0.2	loss
980.8847130817076	1291.1152869182924	han_calibration__s0.010000__af0.200000__m0.150000__q5__draw010	0.0	0	500	False	10	0.15	142.24811769100006		True	False	0.175	0.225	2125.0	2124.867293037744	1971590478	0.01	"[{""end_time"":2125.0,""population"":""Loschbour"",""start_time"":2272.0}]"	5.0	complete	0.2	loss
980.8847130817076	1291.1152869182924	han_calibration__s0.010000__af0.200000__m0.150000__q5__draw011	0.0	0	500	False	11	0.15	143.723813393		True	False	0.175	0.225	2125.0	2124.867293037744	240517568	0.01	"[{""end_time"":2125.0,""population"":""Loschbour"",""start_time"":2272.0}]"	5.0	complete	0.2	loss
980.8847130817076	1291.1152869182924	han_calibration__s0.010000__af0.200000__m0.150000__q5__draw012	0.0	0	500	False	12	0.15	135.3785532139998		True	False	0.175	0.225	2125.0	2124.867293037744	1414516845	0.01	"[{""end_time"":2125.0,""population"":""Loschbour"",""start_time"":2272.0}]"	5.0	complete	0.2	loss
980.8847130817076	1291.1152869182924	han_calibration__s0.010000__af0.200000__m0.150000__q5__draw013	0.0	0	500	False	13	0.15	141.87786987899995		True	False	0.175	0.225	2125.0	2124.867293037744	544531009	0.01	"[{""end_time"":2125.0,""population"":""Loschbour"",""start_time"":2272.0}]"	5.0	complete	0.2	loss
980.8847130817076	1291.1152869182924	han_calibration__s0.010000__af0.200000__m0.150000__q5__draw014	0.0	0	500	False	14	0.15	138.39383596900007		True	False	0.175	0.225	2125.0	2124.867293037744	1995759710	0.01	"[{""end_time"":2125.0,""population"":""Loschbour"",""start_time"":2272.0}]"	5.0	complete	0.2	loss
980.8847130817076	1291.1152869182924	han_calibration__s0.010000__af0.200000__m0.150000__q5__draw015	0.0	0	500	False	15	0.15	147.57577021099996		True	False	0.175	0.225	2125.0	2124.867293037744	535594211	0.01	"[{""end_time"":2125.0,""population"":""Loschbour"",""start_time"":2272.0}]"	5.0	complete	0.2	loss
980.8847130817076	1291.1152869182924	han_calibration__s0.010000__af0.200000__m0.150000__q5__draw016	0.0	0	500	False	16	0.15	137.99234278500012		True	False	0.175	0.225	2125.0	2124.867293037744	2096718341	0.01	"[{""end_time"":2125.0,""population"":""Loschbour"",""start_time"":2272.0}]"	5.0	complete	0.2	loss
980.8847130817076	1291.1152869182924	han_calibration__s0.010000__af0.200000__m0.150000__q5__draw017	0.0	0	500	False	17	0.15	141.44639277400006		True	False	0.175	0.225	2125.0	2124.867293037744	395807530	0.01	"[{""end_time"":2125.0,""population"":""Loschbour"",""start_time"":2272.0}]"	5.0	complete	0.2	loss
980.8847130817076	1291.1152869182924	han_calibration__s0.010000__af0.200000__m0.150000__q5__draw018	0.0	0	500	False	18	0.15	140.7505247680001		True	False	0.175	0.225	2125.0	2124.867293037744	1310372345	0.01	"[{""end_time"":2125.0,""population"":""Loschbour"",""start_time"":2272.0}]"	5.0	complete	0.2	loss
980.8847130817076	1291.1152869182924	han_calibration__s0.010000__af0.200000__m0.150000__q5__draw019	0.0	0	500	False	19	0.15	143.32011474600017		True	False	0.175	0.225	2125.0	2124.867293037744	816143591	0.01	"[{""end_time"":2125.0,""population"":""Loschbour"",""start_time"":2272.0}]"	5.0	complete	0.2	loss
