arm	method	genotype_class	threshold_years	n_replicates	n_null	mean_af	mean_statistic	null_mean	auc	power_rule	power_p_corrected	median_p
denovo_delayed_s0p01	decode	overall	1000.0	100	300	0.01875	0.0006550000000000002	0.00063	0.5157166666666667	0.0	0.01	0.6179401993355482
denovo_delayed_s0p05	decode	overall	1000.0	100	300	0.78925	0.0007640000000000001	0.00063	0.605	0.02	0.03	0.46179401993355484
denovo_s0p003	decode	overall	1000.0	100	300	0.4623499999999999	0.000632	0.00063	0.5128999999999999	0.0	0.0	0.6179401993355482
denovo_s0p004	decode	overall	1000.0	100	300	0.6128	0.000674	0.00063	0.5498000000000001	0.0	0.01	0.46179401993355484
denovo_s0p005	decode	overall	1000.0	100	300	0.7357	0.000607	0.00063	0.4774166666666666	0.0	0.0	0.6179401993355482
pulse_delayed_s0p005	decode	overall	1000.0	100	300	0.2801	0.0006660000000000003	0.00063	0.5312333333333334	0.0	0.0	0.6179401993355482
pulse_s0p003	decode	overall	1000.0	100	300	0.5155000000000001	0.0006209999999999999	0.00063	0.4832666666666667	0.0	0.0	0.6179401993355482
pulse_s0p004	decode	overall	1000.0	100	300	0.67495	0.000612	0.00063	0.48375	0.0	0.0	0.6179401993355482
pulse_s0p005	decode	overall	1000.0	100	300	0.8032499999999999	0.0006320000000000001	0.00063	0.5056999999999999	0.0	0.0	0.6179401993355482
denovo_delayed_s0p01	decode_meanp	overall	1000.0	100	300	0.01875	0.00935736544928	0.00937465100261	0.5043666666666666	0.0	0.0	0.48172757475083056
denovo_delayed_s0p05	decode_meanp	overall	1000.0	100	300	0.78925	0.07245760923273999	0.00937465100261	0.9923333333333333	0.96	0.96	0.0033222591362126247
denovo_s0p003	decode_meanp	overall	1000.0	100	300	0.4623499999999999	0.01206853407405	0.00937465100261	0.6288333333333334	0.13	0.13	0.34551495016611294
denovo_s0p004	decode_meanp	overall	1000.0	100	300	0.6128	0.01462075175429	0.00937465100261	0.7860333333333333	0.19	0.19	0.11960132890365449
denovo_s0p005	decode_meanp	overall	1000.0	100	300	0.7357	0.0177345788071	0.00937465100261	0.8707666666666667	0.33	0.34	0.026578073089700997
pulse_delayed_s0p005	decode_meanp	overall	1000.0	100	300	0.2801	0.008545806841459998	0.00937465100261	0.4214	0.0	0.0	0.5863787375415282
pulse_s0p003	decode_meanp	overall	1000.0	100	300	0.5155000000000001	0.011195868668579998	0.00937465100261	0.6120333333333333	0.04	0.04	0.3504983388704319
pulse_s0p004	decode_meanp	overall	1000.0	100	300	0.67495	0.014791211727649998	0.00937465100261	0.7738333333333333	0.18	0.18	0.12292358803986711
pulse_s0p005	decode_meanp	overall	1000.0	100	300	0.8032499999999999	0.01699303639678	0.00937465100261	0.8606333333333334	0.29	0.29	0.024916943521594685
denovo_delayed_s0p01	truth	carrier_carrier	1000.0	1	300	0.125	0.006493506493506494	0.0004786666666666667	1.0	1.0	1.0	0.0033222591362126247
denovo_delayed_s0p01	truth	carrier_noncarrier	1000.0	82	300	0.022865853658536585	0.0	0.0004786666666666667	0.001666666666666667	0.0	0.0	1.0
denovo_delayed_s0p01	truth	noncarrier_noncarrier	1000.0	100	300	0.01875	0.0004746840895470208	0.0004786666666666667	0.5111666666666665	0.04	0.04	0.5249169435215947
denovo_delayed_s0p01	truth	overall	1000.0	100	300	0.01875	0.0004700000000000001	0.0004786666666666667	0.4754500000000001	0.04	0.04	0.717607973421927
denovo_delayed_s0p05	truth	carrier_carrier	1000.0	100	300	0.78925	0.0009617734618910252	0.0004786666666666667	0.6693166666666667	0.19	0.19	0.19269102990033224
denovo_delayed_s0p05	truth	carrier_noncarrier	1000.0	100	300	0.78925	0.0	0.0004786666666666667	0.0016666666666666672	0.0	0.0	1.0
denovo_delayed_s0p05	truth	noncarrier_noncarrier	1000.0	78	300	0.7432692307692307	0.0027480517070808943	0.0004786666666666667	0.4528418803418802	0.34615384615384615	0.34615384615384615	0.717607973421927
denovo_delayed_s0p05	truth	overall	1000.0	100	300	0.78925	0.00047299999999999995	0.0004786666666666667	0.4923166666666667	0.02	0.02	0.5249169435215947
denovo_s0p003	truth	carrier_carrier	1000.0	92	300	0.4984239130434782	0.0013760165951298535	0.0004786666666666667	0.6746557971014492	0.41304347826086957	0.41304347826086957	0.10963455149501661
denovo_s0p003	truth	carrier_noncarrier	1000.0	100	300	0.4623499999999999	0.0	0.0004786666666666667	0.0016666666666666672	0.0	0.0	1.0
denovo_s0p003	truth	noncarrier_noncarrier	1000.0	97	300	0.4475257731958763	0.0012263917056049515	0.0004786666666666667	0.645721649484536	0.28865979381443296	0.28865979381443296	0.19269102990033224
denovo_s0p003	truth	overall	1000.0	100	300	0.4623499999999999	0.000495	0.0004786666666666667	0.5236000000000001	0.01	0.01	0.5249169435215947
denovo_s0p004	truth	carrier_carrier	1000.0	99	300	0.6188383838383837	0.00107177313692661	0.0004786666666666667	0.6869023569023569	0.2828282828282828	0.2828282828282828	0.19269102990033224
denovo_s0p004	truth	carrier_noncarrier	1000.0	100	300	0.6128	0.0	0.0004786666666666667	0.0016666666666666672	0.0	0.0	1.0
denovo_s0p004	truth	noncarrier_noncarrier	1000.0	95	300	0.5945789473684211	0.0018538614729127255	0.0004786666666666667	0.6594385964912282	0.3894736842105263	0.3894736842105263	0.10963455149501661
denovo_s0p004	truth	overall	1000.0	100	300	0.6128	0.0005010000000000001	0.0004786666666666667	0.5365500000000001	0.0	0.0	0.5249169435215947
denovo_s0p005	truth	carrier_carrier	1000.0	100	300	0.7357	0.0008566237309623672	0.0004786666666666667	0.6018166666666667	0.17	0.17	0.34551495016611294
denovo_s0p005	truth	carrier_noncarrier	1000.0	100	300	0.7357	0.0	0.0004786666666666667	0.0016666666666666672	0.0	0.0	1.0
denovo_s0p005	truth	noncarrier_noncarrier	1000.0	77	300	0.6690909090909091	0.002441102825724046	0.0004786666666666667	0.5722294372294372	0.4805194805194805	0.4805194805194805	0.10963455149501661
denovo_s0p005	truth	overall	1000.0	100	300	0.7357	0.000451	0.0004786666666666667	0.47101666666666675	0.0	0.0	0.5249169435215947
pulse_delayed_s0p005	truth	carrier_carrier	1000.0	88	300	0.3131818181818182	0.0023049967801488658	0.0004786666666666667	0.752064393939394	0.5795454545454546	0.5795454545454546	0.0033222591362126247
pulse_delayed_s0p005	truth	carrier_noncarrier	1000.0	100	300	0.2801	0.0	0.0004786666666666667	0.0016666666666666672	0.0	0.0	1.0
pulse_delayed_s0p005	truth	noncarrier_noncarrier	1000.0	100	300	0.2801	0.00069229122766739	0.0004786666666666667	0.6229499999999999	0.21	0.21	0.34551495016611294
pulse_delayed_s0p005	truth	overall	1000.0	100	300	0.2801	0.000492	0.0004786666666666667	0.5052500000000001	0.02	0.02	0.5249169435215947
pulse_s0p003	truth	carrier_carrier	1000.0	95	300	0.5405263157894737	0.0011851563302589044	0.0004786666666666667	0.688842105263158	0.3894736842105263	0.3894736842105263	0.10963455149501661
pulse_s0p003	truth	carrier_noncarrier	1000.0	99	300	0.5207070707070708	0.0	0.0004786666666666667	0.001666666666666667	0.0	0.0	1.0
pulse_s0p003	truth	noncarrier_noncarrier	1000.0	97	300	0.5021134020618556	0.0013681499290908077	0.0004786666666666667	0.7730927835051548	0.5154639175257731	0.5154639175257731	0.006644518272425249
pulse_s0p003	truth	overall	1000.0	100	300	0.5155000000000001	0.000509	0.0004786666666666667	0.5291166666666668	0.04	0.04	0.5249169435215947
pulse_s0p004	truth	carrier_carrier	1000.0	98	300	0.6880102040816327	0.0007026265883992405	0.0004786666666666667	0.5793197278911565	0.22448979591836735	0.22448979591836735	0.34551495016611294
pulse_s0p004	truth	carrier_noncarrier	1000.0	100	300	0.67495	0.0	0.0004786666666666667	0.0016666666666666672	0.0	0.0	1.0
pulse_s0p004	truth	noncarrier_noncarrier	1000.0	81	300	0.6060493827160495	0.0019471042673386162	0.0004786666666666667	0.6428395061728395	0.4691358024691358	0.4691358024691358	0.059800664451827246
pulse_s0p004	truth	overall	1000.0	100	300	0.67495	0.00046300000000000003	0.0004786666666666667	0.4753166666666667	0.0	0.0	0.717607973421927
pulse_s0p005	truth	carrier_carrier	1000.0	100	300	0.8032499999999999	0.00063818056420429	0.0004786666666666667	0.6015999999999999	0.14	0.14	0.34551495016611294
pulse_s0p005	truth	carrier_noncarrier	1000.0	97	300	0.7971649484536081	0.0	0.0004786666666666667	0.0016666666666666668	0.0	0.0	1.0
pulse_s0p005	truth	noncarrier_noncarrier	1000.0	70	300	0.7338571428571429	0.0024881736549935748	0.0004786666666666667	0.5479047619047619	0.45714285714285713	0.45714285714285713	0.10963455149501661
pulse_s0p005	truth	overall	1000.0	100	300	0.8032499999999999	0.0004730000000000001	0.0004786666666666667	0.48806666666666665	0.01	0.01	0.6212624584717608
denovo_delayed_s0p01	decode	overall	5000.0	100	300	0.01875	0.004948000000000001	0.004874333333333333	0.5168833333333333	0.0	0.0	0.5116279069767442
denovo_delayed_s0p05	decode	overall	5000.0	100	300	0.78925	0.161551	0.004874333333333333	1.0	1.0	1.0	0.0033222591362126247
denovo_s0p003	decode	overall	5000.0	100	300	0.4623499999999999	0.005385999999999998	0.004874333333333333	0.5853833333333334	0.06	0.06	0.3787375415282392
denovo_s0p004	decode	overall	5000.0	100	300	0.6128	0.005796	0.004874333333333333	0.6996833333333332	0.05	0.06	0.23255813953488372
denovo_s0p005	decode	overall	5000.0	100	300	0.7357	0.005980999999999999	0.004874333333333333	0.7200833333333333	0.07	0.08	0.20764119601328904
pulse_delayed_s0p005	decode	overall	5000.0	100	300	0.2801	0.00534	0.004874333333333333	0.58625	0.01	0.04	0.42524916943521596
pulse_s0p003	decode	overall	5000.0	100	300	0.5155000000000001	0.005366000000000001	0.004874333333333333	0.5971666666666666	0.02	0.03	0.42524916943521596
pulse_s0p004	decode	overall	5000.0	100	300	0.67495	0.005669	0.004874333333333333	0.6387500000000002	0.06	0.06	0.3554817275747508
pulse_s0p005	decode	overall	5000.0	100	300	0.8032499999999999	0.005684	0.004874333333333333	0.6555500000000001	0.07	0.07	0.28903654485049834
denovo_delayed_s0p01	decode_meanp	overall	5000.0	100	300	0.01875	0.0447460672569	0.04503344287813334	0.5003333333333334	0.0	0.0	0.5199335548172758
denovo_delayed_s0p05	decode_meanp	overall	5000.0	100	300	0.78925	0.302811408355	0.04503344287813334	0.9887999999999999	0.95	0.95	0.0033222591362126247
denovo_s0p003	decode_meanp	overall	5000.0	100	300	0.4623499999999999	0.0586322617014	0.04503344287813334	0.6252666666666666	0.14	0.15	0.3588039867109635
denovo_s0p004	decode_meanp	overall	5000.0	100	300	0.6128	0.07240916145219999	0.04503344287813334	0.7958333333333333	0.21	0.21	0.11960132890365449
denovo_s0p005	decode_meanp	overall	5000.0	100	300	0.7357	0.08862663132819998	0.04503344287813334	0.8720333333333333	0.4	0.4	0.026578073089700997
pulse_delayed_s0p005	decode_meanp	overall	5000.0	100	300	0.2801	0.0395338180013	0.04503344287813334	0.39470000000000005	0.0	0.0	0.6179401993355482
pulse_s0p003	decode_meanp	overall	5000.0	100	300	0.5155000000000001	0.054038422333099995	0.04503344287813334	0.6070666666666668	0.06	0.06	0.37209302325581395
pulse_s0p004	decode_meanp	overall	5000.0	100	300	0.67495	0.0725383134858	0.04503344287813334	0.7761999999999999	0.23	0.23	0.14119601328903653
pulse_s0p005	decode_meanp	overall	5000.0	100	300	0.8032499999999999	0.08488743044199999	0.04503344287813334	0.8654333333333334	0.36	0.36	0.026578073089700997
denovo_delayed_s0p01	truth	carrier_carrier	5000.0	1	300	0.125	0.07142857142857142	0.0026056666666666667	1.0	1.0	1.0	0.0033222591362126247
denovo_delayed_s0p01	truth	carrier_noncarrier	5000.0	82	300	0.022865853658536585	0.0	0.0026056666666666667	0.0	0.0	0.0	1.0
denovo_delayed_s0p01	truth	noncarrier_noncarrier	5000.0	100	300	0.01875	0.00261456627954003	0.0026056666666666667	0.5229833333333334	0.0	0.0	0.4418604651162791
denovo_delayed_s0p01	truth	overall	5000.0	100	300	0.01875	0.0026080000000000005	0.0026056666666666667	0.5202166666666668	0.0	0.0	0.4418604651162791
denovo_delayed_s0p05	truth	carrier_carrier	5000.0	100	300	0.78925	0.026669417428165643	0.0026056666666666667	0.9914999999999999	0.95	0.95	0.0033222591362126247
denovo_delayed_s0p05	truth	carrier_noncarrier	5000.0	100	300	0.78925	0.0	0.0026056666666666667	0.0	0.0	0.0	1.0
denovo_delayed_s0p05	truth	noncarrier_noncarrier	5000.0	78	300	0.7432692307692307	0.005799123003806457	0.0026056666666666667	0.5588034188034188	0.3333333333333333	0.358974358974359	0.18106312292358806
denovo_delayed_s0p05	truth	overall	5000.0	100	300	0.78925	0.0088	0.0026056666666666667	0.9872	0.89	0.89	0.0033222591362126247
denovo_s0p003	truth	carrier_carrier	5000.0	92	300	0.4984239130434782	0.008551958349254504	0.0026056666666666667	0.9317210144927535	0.6195652173913043	0.6521739130434783	0.0033222591362126247
denovo_s0p003	truth	carrier_noncarrier	5000.0	100	300	0.4623499999999999	0.0	0.0026056666666666667	0.0	0.0	0.0	1.0
denovo_s0p003	truth	noncarrier_noncarrier	5000.0	97	300	0.4475257731958763	0.00659365484729262	0.0026056666666666667	0.8976975945017184	0.5360824742268041	0.5567010309278351	0.006644518272425249
denovo_s0p003	truth	overall	5000.0	100	300	0.4623499999999999	0.002708	0.0026056666666666667	0.5629166666666667	0.01	0.01	0.4418604651162791
denovo_s0p004	truth	carrier_carrier	5000.0	99	300	0.6188383838383837	0.007387205908594338	0.0026056666666666667	0.8647474747474747	0.48484848484848486	0.5151515151515151	0.009966777408637873
denovo_s0p004	truth	carrier_noncarrier	5000.0	100	300	0.6128	0.0	0.0026056666666666667	0.0	0.0	0.0	1.0
denovo_s0p004	truth	noncarrier_noncarrier	5000.0	95	300	0.5945789473684211	0.008493478993439038	0.0026056666666666667	0.8948070175438596	0.6105263157894737	0.6210526315789474	0.0033222591362126247
denovo_s0p004	truth	overall	5000.0	100	300	0.6128	0.002708	0.0026056666666666667	0.54775	0.01	0.01	0.521594684385382
denovo_s0p005	truth	carrier_carrier	5000.0	100	300	0.7357	0.004928318349400998	0.0026056666666666667	0.7929333333333334	0.32	0.32	0.059800664451827246
denovo_s0p005	truth	carrier_noncarrier	5000.0	100	300	0.7357	0.0	0.0026056666666666667	0.0	0.0	0.0	1.0
denovo_s0p005	truth	noncarrier_noncarrier	5000.0	77	300	0.6690909090909091	0.010642327881030431	0.0026056666666666667	0.8425541125541125	0.6623376623376623	0.6753246753246753	0.0033222591362126247
denovo_s0p005	truth	overall	5000.0	100	300	0.7357	0.0026379999999999997	0.0026056666666666667	0.5253	0.0	0.0	0.521594684385382
pulse_delayed_s0p005	truth	carrier_carrier	5000.0	88	300	0.3131818181818182	0.014201529814046808	0.0026056666666666667	0.9868939393939393	0.9772727272727273	0.9772727272727273	0.0033222591362126247
pulse_delayed_s0p005	truth	carrier_noncarrier	5000.0	100	300	0.2801	0.0	0.0026056666666666667	0.0	0.0	0.0	1.0
pulse_delayed_s0p005	truth	noncarrier_noncarrier	5000.0	100	300	0.2801	0.0037755847819104242	0.0026056666666666667	0.752633333333333	0.23	0.25	0.15282392026578073
pulse_delayed_s0p005	truth	overall	5000.0	100	300	0.2801	0.0027829999999999994	0.0026056666666666667	0.5795333333333335	0.02	0.02	0.4418604651162791
pulse_s0p003	truth	carrier_carrier	5000.0	95	300	0.5405263157894737	0.006771913038034102	0.0026056666666666667	0.898280701754386	0.6	0.6105263157894737	0.0033222591362126247
pulse_s0p003	truth	carrier_noncarrier	5000.0	99	300	0.5207070707070708	0.0	0.0026056666666666667	0.0	0.0	0.0	1.0
pulse_s0p003	truth	noncarrier_noncarrier	5000.0	97	300	0.5021134020618556	0.006347276903976597	0.0026056666666666667	0.8961512027491407	0.5876288659793815	0.5876288659793815	0.0033222591362126247
pulse_s0p003	truth	overall	5000.0	100	300	0.5155000000000001	0.0026450000000000006	0.0026056666666666667	0.52115	0.0	0.0	0.521594684385382
pulse_s0p004	truth	carrier_carrier	5000.0	98	300	0.6880102040816327	0.007028208373080412	0.0026056666666666667	0.8196938775510205	0.3673469387755102	0.3877551020408163	0.044850498338870434
pulse_s0p004	truth	carrier_noncarrier	5000.0	100	300	0.67495	0.0	0.0026056666666666667	0.0	0.0	0.0	1.0
pulse_s0p004	truth	noncarrier_noncarrier	5000.0	81	300	0.6060493827160495	0.00985951698017981	0.0026056666666666667	0.88	0.691358024691358	0.7283950617283951	0.0033222591362126247
pulse_s0p004	truth	overall	5000.0	100	300	0.67495	0.0026759999999999996	0.0026056666666666667	0.5346	0.0	0.0	0.48172757475083056
pulse_s0p005	truth	carrier_carrier	5000.0	100	300	0.8032499999999999	0.004059483587888192	0.0026056666666666667	0.7397499999999999	0.22	0.22	0.11627906976744186
pulse_s0p005	truth	carrier_noncarrier	5000.0	97	300	0.7971649484536081	0.0	0.0026056666666666667	0.0	0.0	0.0	1.0
pulse_s0p005	truth	noncarrier_noncarrier	5000.0	70	300	0.7338571428571429	0.012525873062262575	0.0026056666666666667	0.8453809523809525	0.7142857142857143	0.7285714285714285	0.0033222591362126247
pulse_s0p005	truth	overall	5000.0	100	300	0.8032499999999999	0.002672000000000001	0.0026056666666666667	0.5339666666666666	0.01	0.01	0.521594684385382
denovo_delayed_s0p01	decode	overall	10000.0	100	300	0.01875	0.022008	0.021820000000000003	0.5037166666666668	0.0	0.0	0.5033222591362126
denovo_delayed_s0p05	decode	overall	10000.0	100	300	0.78925	0.43929500000000005	0.021820000000000003	0.9992333333333333	0.99	0.99	0.0033222591362126247
denovo_s0p003	decode	overall	10000.0	100	300	0.4623499999999999	0.027684999999999994	0.021820000000000003	0.6484666666666666	0.08	0.08	0.3023255813953488
denovo_s0p004	decode	overall	10000.0	100	300	0.6128	0.033735	0.021820000000000003	0.8032833333333333	0.12	0.13	0.0946843853820598
denovo_s0p005	decode	overall	10000.0	100	300	0.7357	0.04011200000000001	0.021820000000000003	0.8563500000000001	0.28	0.29	0.03322259136212625
pulse_delayed_s0p005	decode	overall	10000.0	100	300	0.2801	0.022868	0.021820000000000003	0.5390166666666668	0.01	0.01	0.4717607973421927
pulse_s0p003	decode	overall	10000.0	100	300	0.5155000000000001	0.026188	0.021820000000000003	0.6416333333333334	0.03	0.03	0.313953488372093
pulse_s0p004	decode	overall	10000.0	100	300	0.67495	0.033285999999999996	0.021820000000000003	0.7583999999999999	0.16	0.17	0.11960132890365449
pulse_s0p005	decode	overall	10000.0	100	300	0.8032499999999999	0.035562	0.021820000000000003	0.8051166666666667	0.15	0.16	0.0415282392026578
denovo_delayed_s0p01	decode_meanp	overall	10000.0	100	300	0.01875	0.0834010063176	0.08399950186776667	0.5005333333333333	0.0	0.0	0.526578073089701
denovo_delayed_s0p05	decode_meanp	overall	10000.0	100	300	0.78925	0.4627607035175001	0.08399950186776667	0.9840000000000001	0.94	0.94	0.0033222591362126247
denovo_s0p003	decode_meanp	overall	10000.0	100	300	0.4623499999999999	0.10928390908399999	0.08399950186776667	0.6230666666666668	0.15	0.15	0.36710963455149503
denovo_s0p004	decode_meanp	overall	10000.0	100	300	0.6128	0.1359374617795	0.08399950186776667	0.7971333333333332	0.21	0.23	0.11129568106312293
denovo_s0p005	decode_meanp	overall	10000.0	100	300	0.7357	0.16646761254800002	0.08399950186776667	0.8698999999999999	0.43	0.44	0.019933554817275746
pulse_delayed_s0p005	decode_meanp	overall	10000.0	100	300	0.2801	0.07185505327910001	0.08399950186776667	0.37413333333333343	0.0	0.0	0.6594684385382059
pulse_s0p003	decode_meanp	overall	10000.0	100	300	0.5155000000000001	0.10017003323479999	0.08399950186776667	0.6016333333333332	0.06	0.06	0.40863787375415284
pulse_s0p004	decode_meanp	overall	10000.0	100	300	0.67495	0.13507127021	0.08399950186776667	0.7712	0.27	0.27	0.1345514950166113
pulse_s0p005	decode_meanp	overall	10000.0	100	300	0.8032499999999999	0.1598751349403	0.08399950186776667	0.8666333333333333	0.4	0.4	0.02823920265780731
denovo_delayed_s0p01	truth	carrier_carrier	10000.0	1	300	0.125	1.0	0.007359	1.0	1.0	1.0	0.0033222591362126247
denovo_delayed_s0p01	truth	carrier_noncarrier	10000.0	82	300	0.022865853658536585	0.0	0.007359	0.0	0.0	0.0	1.0
denovo_delayed_s0p01	truth	noncarrier_noncarrier	10000.0	100	300	0.01875	0.007327319478575673	0.007359	0.5022	0.0	0.0	0.4750830564784053
denovo_delayed_s0p01	truth	overall	10000.0	100	300	0.01875	0.007680999999999999	0.007359	0.5523499999999999	0.01	0.01	0.4750830564784053
denovo_delayed_s0p05	truth	carrier_carrier	10000.0	100	300	0.78925	0.9320241953786023	0.007359	1.0	1.0	1.0	0.0033222591362126247
denovo_delayed_s0p05	truth	carrier_noncarrier	10000.0	100	300	0.78925	0.0	0.007359	0.0	0.0	0.0	1.0
denovo_delayed_s0p05	truth	noncarrier_noncarrier	10000.0	78	300	0.7432692307692307	0.010692863823759245	0.007359	0.5826068376068376	0.3333333333333333	0.3333333333333333	0.2558139534883721
denovo_delayed_s0p05	truth	overall	10000.0	100	300	0.78925	0.6000150000000001	0.007359	1.0	1.0	1.0	0.0033222591362126247
denovo_s0p003	truth	carrier_carrier	10000.0	92	300	0.4984239130434782	0.030593180130166903	0.007359	0.972463768115942	0.7608695652173914	0.7608695652173914	0.0033222591362126247
denovo_s0p003	truth	carrier_noncarrier	10000.0	100	300	0.4623499999999999	0.0	0.007359	0.0	0.0	0.0	1.0
denovo_s0p003	truth	noncarrier_noncarrier	10000.0	97	300	0.4475257731958763	0.01634313022214871	0.007359	0.8863917525773195	0.5360824742268041	0.5463917525773195	0.006644518272425249
denovo_s0p003	truth	overall	10000.0	100	300	0.4623499999999999	0.007776	0.007359	0.5832833333333334	0.01	0.01	0.40863787375415284
denovo_s0p004	truth	carrier_carrier	10000.0	99	300	0.6188383838383837	0.025489044966733078	0.007359	0.9508754208754209	0.6363636363636364	0.6565656565656566	0.0033222591362126247
denovo_s0p004	truth	carrier_noncarrier	10000.0	100	300	0.6128	0.0	0.007359	0.0	0.0	0.0	1.0
denovo_s0p004	truth	noncarrier_noncarrier	10000.0	95	300	0.5945789473684211	0.02210053832379321	0.007359	0.928701754385965	0.6631578947368421	0.6842105263157895	0.0033222591362126247
denovo_s0p004	truth	overall	10000.0	100	300	0.6128	0.008112000000000001	0.007359	0.6475	0.02	0.03	0.287375415282392
denovo_s0p005	truth	carrier_carrier	10000.0	100	300	0.7357	0.01721410680727757	0.007359	0.8926333333333334	0.49	0.5	0.011627906976744186
denovo_s0p005	truth	carrier_noncarrier	10000.0	100	300	0.7357	0.0	0.007359	0.0	0.0	0.0	1.0
denovo_s0p005	truth	noncarrier_noncarrier	10000.0	77	300	0.6690909090909091	0.023431703779903973	0.007359	0.9235064935064935	0.6883116883116883	0.7272727272727273	0.0033222591362126247
denovo_s0p005	truth	overall	10000.0	100	300	0.7357	0.007954	0.007359	0.6439	0.0	0.0	0.31229235880398676
pulse_delayed_s0p005	truth	carrier_carrier	10000.0	88	300	0.3131818181818182	0.0537505955913105	0.007359	0.9999621212121212	1.0	1.0	0.0033222591362126247
pulse_delayed_s0p005	truth	carrier_noncarrier	10000.0	100	300	0.2801	0.0	0.007359	0.0	0.0	0.0	1.0
pulse_delayed_s0p005	truth	noncarrier_noncarrier	10000.0	100	300	0.2801	0.009654082757091209	0.007359	0.7369666666666664	0.22	0.23	0.11295681063122923
pulse_delayed_s0p005	truth	overall	10000.0	100	300	0.2801	0.008127999999999998	0.007359	0.6473333333333333	0.02	0.04	0.29900332225913623
pulse_s0p003	truth	carrier_carrier	10000.0	95	300	0.5405263157894737	0.022053687632969502	0.007359	0.9618947368421054	0.7263157894736842	0.7263157894736842	0.0033222591362126247
pulse_s0p003	truth	carrier_noncarrier	10000.0	99	300	0.5207070707070708	0.0	0.007359	0.0	0.0	0.0	1.0
pulse_s0p003	truth	noncarrier_noncarrier	10000.0	97	300	0.5021134020618556	0.016517177261989143	0.007359	0.9324570446735395	0.5670103092783505	0.5670103092783505	0.006644518272425249
pulse_s0p003	truth	overall	10000.0	100	300	0.5155000000000001	0.007681	0.007359	0.5727666666666666	0.0	0.0	0.4219269102990033
pulse_s0p004	truth	carrier_carrier	10000.0	98	300	0.6880102040816327	0.021013281196627327	0.007359	0.8828911564625851	0.5204081632653061	0.5306122448979592	0.006644518272425249
pulse_s0p004	truth	carrier_noncarrier	10000.0	100	300	0.67495	0.0	0.007359	0.0	0.0	0.0	1.0
pulse_s0p004	truth	noncarrier_noncarrier	10000.0	81	300	0.6060493827160495	0.02208490194621994	0.007359	0.9432921810699587	0.691358024691358	0.7160493827160493	0.0033222591362126247
pulse_s0p004	truth	overall	10000.0	100	300	0.67495	0.007757000000000001	0.007359	0.5943166666666666	0.01	0.01	0.40863787375415284
pulse_s0p005	truth	carrier_carrier	10000.0	100	300	0.8032499999999999	0.01256049243854302	0.007359	0.8317666666666668	0.36	0.36	0.03156146179401993
pulse_s0p005	truth	carrier_noncarrier	10000.0	97	300	0.7971649484536081	0.0	0.007359	0.0	0.0	0.0	1.0
pulse_s0p005	truth	noncarrier_noncarrier	10000.0	70	300	0.7338571428571429	0.026240977734587903	0.007359	0.939047619047619	0.7571428571428571	0.7571428571428571	0.0033222591362126247
pulse_s0p005	truth	overall	10000.0	100	300	0.8032499999999999	0.007859999999999999	0.007359	0.5953333333333333	0.01	0.02	0.40863787375415284
denovo_delayed_s0p01	decode	overall	20000.0	100	300	0.01875	0.076395	0.07635933333333332	0.4976500000000001	0.01	0.01	0.5564784053156147
denovo_delayed_s0p05	decode	overall	20000.0	100	300	0.78925	0.612515	0.07635933333333332	0.9890166666666667	0.94	0.94	0.0033222591362126247
denovo_s0p003	decode	overall	20000.0	100	300	0.4623499999999999	0.10836099999999999	0.07635933333333332	0.6571333333333332	0.14	0.14	0.28903654485049834
denovo_s0p004	decode	overall	20000.0	100	300	0.6128	0.13928699999999997	0.07635933333333332	0.8244833333333333	0.24	0.25	0.059800664451827246
denovo_s0p005	decode	overall	20000.0	100	300	0.7357	0.178321	0.07635933333333332	0.8842500000000001	0.39	0.39	0.013289036544850499
pulse_delayed_s0p005	decode	overall	20000.0	100	300	0.2801	0.073015	0.07635933333333332	0.46805	0.0	0.0	0.5332225913621262
pulse_s0p003	decode	overall	20000.0	100	300	0.5155000000000001	0.10132900000000003	0.07635933333333332	0.6470500000000001	0.11	0.11	0.3089700996677741
pulse_s0p004	decode	overall	20000.0	100	300	0.67495	0.14008400000000001	0.07635933333333332	0.7961	0.23	0.23	0.06312292358803986
pulse_s0p005	decode	overall	20000.0	100	300	0.8032499999999999	0.15579099999999999	0.07635933333333332	0.8619499999999999	0.32	0.32	0.03156146179401993
denovo_delayed_s0p01	decode_meanp	overall	20000.0	100	300	0.01875	0.14527453516049998	0.1463080011477	0.5023333333333333	0.0	0.01	0.49003322259136217
denovo_delayed_s0p05	decode_meanp	overall	20000.0	100	300	0.78925	0.6000151015620001	0.1463080011477	0.9749	0.9	0.91	0.0033222591362126247
denovo_s0p003	decode_meanp	overall	20000.0	100	300	0.4623499999999999	0.188489979809	0.1463080011477	0.6193333333333334	0.14	0.16	0.38870431893687707
denovo_s0p004	decode_meanp	overall	20000.0	100	300	0.6128	0.2350941125948	0.1463080011477	0.7973333333333333	0.21	0.26	0.11295681063122924
denovo_s0p005	decode_meanp	overall	20000.0	100	300	0.7357	0.2865551635445	0.1463080011477	0.8628333333333331	0.45	0.45	0.016611295681063124
pulse_delayed_s0p005	decode_meanp	overall	20000.0	100	300	0.2801	0.12090874401700001	0.1463080011477	0.34643333333333337	0.0	0.0	0.6827242524916943
pulse_s0p003	decode_meanp	overall	20000.0	100	300	0.5155000000000001	0.1709844570575	0.1463080011477	0.5916666666666667	0.05	0.05	0.4568106312292359
pulse_s0p004	decode_meanp	overall	20000.0	100	300	0.67495	0.2308709160304	0.1463080011477	0.7596333333333333	0.26	0.26	0.11794019933554817
pulse_s0p005	decode_meanp	overall	20000.0	100	300	0.8032499999999999	0.2767792618198	0.1463080011477	0.8640666666666666	0.4	0.4	0.029900332225913623
denovo_delayed_s0p01	truth	carrier_carrier	20000.0	1	300	0.125	1.0	0.04594566666666666	1.0	1.0	1.0	0.0033222591362126247
denovo_delayed_s0p01	truth	carrier_noncarrier	20000.0	82	300	0.022865853658536585	0.03299816626307607	0.04594566666666666	0.26599593495934964	0.06097560975609756	0.07317073170731707	0.9983388704318936
denovo_delayed_s0p01	truth	noncarrier_noncarrier	20000.0	100	300	0.01875	0.04655216205053886	0.04594566666666666	0.4963166666666667	0.01	0.03	0.5365448504983389
denovo_delayed_s0p01	truth	overall	20000.0	100	300	0.01875	0.04668399999999999	0.04594566666666666	0.5020166666666667	0.02	0.02	0.5249169435215947
denovo_delayed_s0p05	truth	carrier_carrier	20000.0	100	300	0.78925	1.0	0.04594566666666666	1.0	1.0	1.0	0.0033222591362126247
denovo_delayed_s0p05	truth	carrier_noncarrier	20000.0	100	300	0.78925	0.03602948518580443	0.04594566666666666	0.3017333333333333	0.15	0.16	1.0
denovo_delayed_s0p05	truth	noncarrier_noncarrier	20000.0	78	300	0.7432692307692307	0.046125945485107796	0.04594566666666666	0.4247435897435898	0.07692307692307693	0.07692307692307693	0.5780730897009967
denovo_delayed_s0p05	truth	overall	20000.0	100	300	0.78925	0.671081	0.04594566666666666	0.9974666666666667	0.99	0.99	0.0033222591362126247
denovo_s0p003	truth	carrier_carrier	20000.0	92	300	0.4984239130434782	0.2030437472859157	0.04594566666666666	0.9870289855072464	0.8152173913043478	0.8260869565217391	0.0033222591362126247
denovo_s0p003	truth	carrier_noncarrier	20000.0	100	300	0.4623499999999999	0.0	0.04594566666666666	0.0	0.0	0.0	1.0
denovo_s0p003	truth	noncarrier_noncarrier	20000.0	97	300	0.4475257731958763	0.07882987991562043	0.04594566666666666	0.8082474226804123	0.27835051546391754	0.30927835051546393	0.059800664451827246
denovo_s0p003	truth	overall	20000.0	100	300	0.4623499999999999	0.051559	0.04594566666666666	0.6552	0.02	0.02	0.28405315614617943
denovo_s0p004	truth	carrier_carrier	20000.0	99	300	0.6188383838383837	0.18209798610021355	0.04594566666666666	0.9689562289562289	0.7070707070707071	0.7272727272727273	0.0033222591362126247
denovo_s0p004	truth	carrier_noncarrier	20000.0	100	300	0.6128	0.0	0.04594566666666666	0.0	0.0	0.0	1.0
denovo_s0p004	truth	noncarrier_noncarrier	20000.0	95	300	0.5945789473684211	0.08403480000202332	0.04594566666666666	0.8550526315789475	0.37894736842105264	0.3894736842105263	0.029900332225913623
denovo_s0p004	truth	overall	20000.0	100	300	0.6128	0.05635899999999999	0.04594566666666666	0.7391666666666667	0.08	0.09	0.1345514950166113
denovo_s0p005	truth	carrier_carrier	20000.0	100	300	0.7357	0.138467313604477	0.04594566666666666	0.9276333333333335	0.57	0.59	0.0033222591362126247
denovo_s0p005	truth	carrier_noncarrier	20000.0	100	300	0.7357	0.0	0.04594566666666666	0.0	0.0	0.0	1.0
denovo_s0p005	truth	noncarrier_noncarrier	20000.0	77	300	0.6690909090909091	0.09474704700783688	0.04594566666666666	0.8798268398268398	0.42857142857142855	0.45454545454545453	0.013289036544850499
denovo_s0p005	truth	overall	20000.0	100	300	0.7357	0.060898	0.04594566666666666	0.7885666666666669	0.15	0.15	0.09634551495016612
pulse_delayed_s0p005	truth	carrier_carrier	20000.0	88	300	0.3131818181818182	0.39719523500667814	0.04594566666666666	0.9998484848484849	0.9886363636363636	0.9886363636363636	0.0033222591362126247
pulse_delayed_s0p005	truth	carrier_noncarrier	20000.0	100	300	0.2801	0.0	0.04594566666666666	0.0	0.0	0.0	1.0
pulse_delayed_s0p005	truth	noncarrier_noncarrier	20000.0	100	300	0.2801	0.05464632127644916	0.04594566666666666	0.6975	0.04	0.04	0.21262458471760798
pulse_delayed_s0p005	truth	overall	20000.0	100	300	0.2801	0.056156999999999985	0.04594566666666666	0.6957333333333332	0.09	0.11	0.22425249169435216
pulse_s0p003	truth	carrier_carrier	20000.0	95	300	0.5405263157894737	0.16680789147430203	0.04594566666666666	0.9770526315789473	0.8105263157894737	0.8315789473684211	0.0033222591362126247
pulse_s0p003	truth	carrier_noncarrier	20000.0	99	300	0.5207070707070708	0.0	0.04594566666666666	0.0	0.0	0.0	1.0
pulse_s0p003	truth	noncarrier_noncarrier	20000.0	97	300	0.5021134020618556	0.07852268575834619	0.04594566666666666	0.8670274914089348	0.3711340206185567	0.4020618556701031	0.029900332225913623
pulse_s0p003	truth	overall	20000.0	100	300	0.5155000000000001	0.05104100000000001	0.04594566666666666	0.6455833333333334	0.04	0.05	0.29900332225913623
pulse_s0p004	truth	carrier_carrier	20000.0	98	300	0.6880102040816327	0.14614307592973433	0.04594566666666666	0.9269727891156463	0.5612244897959183	0.5918367346938775	0.006644518272425249
pulse_s0p004	truth	carrier_noncarrier	20000.0	100	300	0.67495	0.0	0.04594566666666666	0.0	0.0	0.0	1.0
pulse_s0p004	truth	noncarrier_noncarrier	20000.0	81	300	0.6060493827160495	0.08655297846748032	0.04594566666666666	0.8859670781893004	0.4567901234567901	0.4691358024691358	0.016611295681063124
pulse_s0p004	truth	overall	20000.0	100	300	0.67495	0.05489300000000001	0.04594566666666666	0.7150166666666666	0.07	0.08	0.22425249169435216
pulse_s0p005	truth	carrier_carrier	20000.0	100	300	0.8032499999999999	0.10335868896317853	0.04594566666666666	0.8708833333333333	0.48	0.51	0.009966777408637873
pulse_s0p005	truth	carrier_noncarrier	20000.0	97	300	0.7971649484536081	0.0	0.04594566666666666	0.0	0.0	0.0	1.0
pulse_s0p005	truth	noncarrier_noncarrier	20000.0	70	300	0.7338571428571429	0.10886929169463971	0.04594566666666666	0.9187142857142857	0.5285714285714286	0.5428571428571428	0.006644518272425249
pulse_s0p005	truth	overall	20000.0	100	300	0.8032499999999999	0.058202000000000004	0.04594566666666666	0.7163333333333333	0.11	0.12	0.18936877076411962
denovo_delayed_s0p01	decode	overall	30000.0	100	300	0.01875	0.129432	0.13027566666666668	0.5051333333333333	0.0	0.0	0.4983388704318937
denovo_delayed_s0p05	decode	overall	30000.0	100	300	0.78925	0.6581999999999999	0.13027566666666668	0.9778	0.88	0.92	0.0033222591362126247
denovo_s0p003	decode	overall	30000.0	100	300	0.4623499999999999	0.18951700000000002	0.13027566666666668	0.6604166666666665	0.12	0.16	0.29401993355481726
denovo_s0p004	decode	overall	30000.0	100	300	0.6128	0.24327400000000002	0.13027566666666668	0.8304666666666667	0.19	0.3	0.06976744186046512
denovo_s0p005	decode	overall	30000.0	100	300	0.7357	0.304503	0.13027566666666668	0.8869999999999999	0.36	0.49	0.014950166112956811
pulse_delayed_s0p005	decode	overall	30000.0	100	300	0.2801	0.11927600000000002	0.13027566666666668	0.44351666666666667	0.0	0.0	0.5764119601328903
pulse_s0p003	decode	overall	30000.0	100	300	0.5155000000000001	0.170976	0.13027566666666668	0.63075	0.05	0.1	0.3538205980066445
pulse_s0p004	decode	overall	30000.0	100	300	0.67495	0.24023799999999998	0.13027566666666668	0.7825166666666667	0.21	0.28	0.08471760797342193
pulse_s0p005	decode	overall	30000.0	100	300	0.8032499999999999	0.28108199999999994	0.13027566666666668	0.8725	0.3	0.42	0.023255813953488372
denovo_delayed_s0p01	decode_meanp	overall	30000.0	100	300	0.01875	0.19281586980219997	0.19414361391813334	0.5035000000000001	0.01	0.01	0.47840531561461797
denovo_delayed_s0p05	decode_meanp	overall	30000.0	100	300	0.78925	0.6551831963479999	0.19414361391813334	0.9667666666666667	0.83	0.83	0.0033222591362126247
denovo_s0p003	decode_meanp	overall	30000.0	100	300	0.4623499999999999	0.246931988165	0.19414361391813334	0.6144333333333333	0.13	0.13	0.38372093023255816
denovo_s0p004	decode_meanp	overall	30000.0	100	300	0.6128	0.3072758270666	0.19414361391813334	0.7940333333333334	0.21	0.22	0.11627906976744186
denovo_s0p005	decode_meanp	overall	30000.0	100	300	0.7357	0.37199564230599996	0.19414361391813334	0.8553333333333335	0.42	0.42	0.019933554817275746
pulse_delayed_s0p005	decode_meanp	overall	30000.0	100	300	0.2801	0.1566524020919	0.19414361391813334	0.3288	0.0	0.0	0.7109634551495017
pulse_s0p003	decode_meanp	overall	30000.0	100	300	0.5155000000000001	0.221850630224	0.19414361391813334	0.5812999999999999	0.05	0.05	0.4418604651162791
pulse_s0p004	decode_meanp	overall	30000.0	100	300	0.67495	0.29892354534809995	0.19414361391813334	0.7496666666666666	0.22	0.23	0.13122923588039867
pulse_s0p005	decode_meanp	overall	30000.0	100	300	0.8032499999999999	0.36091554403299997	0.19414361391813334	0.8595	0.37	0.39	0.03322259136212625
denovo_delayed_s0p01	truth	carrier_carrier	30000.0	1	300	0.125	1.0	0.10093533333333334	1.0	1.0	1.0	0.0033222591362126247
denovo_delayed_s0p01	truth	carrier_noncarrier	30000.0	82	300	0.022865853658536585	0.09359095619076252	0.10093533333333334	0.41638211382113816	0.07317073170731707	0.07317073170731707	0.7774086378737541
denovo_delayed_s0p01	truth	noncarrier_noncarrier	30000.0	100	300	0.01875	0.09624640895381692	0.10093533333333334	0.4532666666666666	0.0	0.0	0.606312292358804
denovo_delayed_s0p01	truth	overall	30000.0	100	300	0.01875	0.09690100000000001	0.10093533333333334	0.4608333333333334	0.0	0.0	0.569767441860465
denovo_delayed_s0p05	truth	carrier_carrier	30000.0	100	300	0.78925	1.0	0.10093533333333334	1.0	1.0	1.0	0.0033222591362126247
denovo_delayed_s0p05	truth	carrier_noncarrier	30000.0	100	300	0.78925	0.09560005017262378	0.10093533333333334	0.3808666666666667	0.15	0.15	0.9302325581395349
denovo_delayed_s0p05	truth	noncarrier_noncarrier	30000.0	78	300	0.7432692307692307	0.10032949197543606	0.10093533333333334	0.48367521367521366	0.0	0.0	0.5083056478405316
denovo_delayed_s0p05	truth	overall	30000.0	100	300	0.78925	0.6900460000000002	0.10093533333333334	0.9911166666666668	0.95	0.95	0.0033222591362126247
denovo_s0p003	truth	carrier_carrier	30000.0	92	300	0.4984239130434782	0.4192061680192946	0.10093533333333334	0.9885869565217391	0.7717391304347826	0.7717391304347826	0.0033222591362126247
denovo_s0p003	truth	carrier_noncarrier	30000.0	100	300	0.4623499999999999	0.0	0.10093533333333334	0.0	0.0	0.0	1.0
denovo_s0p003	truth	noncarrier_noncarrier	30000.0	97	300	0.4475257731958763	0.15038059280930174	0.10093533333333334	0.7462886597938144	0.18556701030927836	0.18556701030927836	0.16611295681063123
denovo_s0p003	truth	overall	30000.0	100	300	0.4623499999999999	0.12055400000000002	0.10093533333333334	0.6629666666666667	0.06	0.06	0.29900332225913623
denovo_s0p004	truth	carrier_carrier	30000.0	99	300	0.6188383838383837	0.41631123163834055	0.10093533333333334	0.9734006734006734	0.7272727272727273	0.7373737373737373	0.0033222591362126247
denovo_s0p004	truth	carrier_noncarrier	30000.0	100	300	0.6128	0.0	0.10093533333333334	0.0	0.0	0.0	1.0
denovo_s0p004	truth	noncarrier_noncarrier	30000.0	95	300	0.5945789473684211	0.16322986897116676	0.10093533333333334	0.8167719298245614	0.23157894736842105	0.23157894736842105	0.06312292358803986
denovo_s0p004	truth	overall	30000.0	100	300	0.6128	0.15104899999999996	0.10093533333333334	0.8112666666666667	0.12	0.14	0.0830564784053156
denovo_s0p005	truth	carrier_carrier	30000.0	100	300	0.7357	0.36386504049832347	0.10093533333333334	0.9438	0.62	0.62	0.0033222591362126247
denovo_s0p005	truth	carrier_noncarrier	30000.0	100	300	0.7357	0.0	0.10093533333333334	0.0	0.0	0.0	1.0
denovo_s0p005	truth	noncarrier_noncarrier	30000.0	77	300	0.6690909090909091	0.16169956066374752	0.10093533333333334	0.7738311688311688	0.18181818181818182	0.19480519480519481	0.10963455149501661
denovo_s0p005	truth	overall	30000.0	100	300	0.7357	0.16578099999999996	0.10093533333333334	0.84135	0.18	0.2	0.06312292358803986
pulse_delayed_s0p005	truth	carrier_carrier	30000.0	88	300	0.3131818181818182	0.6397374183867268	0.10093533333333334	0.9995833333333334	0.9659090909090909	0.9659090909090909	0.0033222591362126247
pulse_delayed_s0p005	truth	carrier_noncarrier	30000.0	100	300	0.2801	0.0	0.10093533333333334	0.0	0.0	0.0	1.0
pulse_delayed_s0p005	truth	noncarrier_noncarrier	30000.0	100	300	0.2801	0.11358820371589572	0.10093533333333334	0.6235666666666667	0.0	0.01	0.2823920265780731
pulse_delayed_s0p005	truth	overall	30000.0	100	300	0.2801	0.114859	0.10093533333333334	0.6120833333333333	0.02	0.02	0.29069767441860467
pulse_s0p003	truth	carrier_carrier	30000.0	95	300	0.5405263157894737	0.4171399517155361	0.10093533333333334	0.9881403508771931	0.7789473684210526	0.7789473684210526	0.0033222591362126247
pulse_s0p003	truth	carrier_noncarrier	30000.0	99	300	0.5207070707070708	0.0	0.10093533333333334	0.0	0.0	0.0	1.0
pulse_s0p003	truth	noncarrier_noncarrier	30000.0	97	300	0.5021134020618556	0.14902897761413553	0.10093533333333334	0.7741580756013746	0.17525773195876287	0.17525773195876287	0.15282392026578073
pulse_s0p003	truth	overall	30000.0	100	300	0.5155000000000001	0.130633	0.10093533333333334	0.7191166666666666	0.06	0.08	0.22757475083056478
pulse_s0p004	truth	carrier_carrier	30000.0	98	300	0.6880102040816327	0.3438987313179226	0.10093533333333334	0.9618027210884355	0.6326530612244898	0.6428571428571429	0.006644518272425249
pulse_s0p004	truth	carrier_noncarrier	30000.0	100	300	0.67495	0.0	0.10093533333333334	0.0	0.0	0.0	1.0
pulse_s0p004	truth	noncarrier_noncarrier	30000.0	81	300	0.6060493827160495	0.15314947012232563	0.10093533333333334	0.7871604938271606	0.14814814814814814	0.14814814814814814	0.08637873754152824
pulse_s0p004	truth	overall	30000.0	100	300	0.67495	0.144971	0.10093533333333334	0.7774833333333333	0.1	0.11	0.12292358803986711
pulse_s0p005	truth	carrier_carrier	30000.0	100	300	0.8032499999999999	0.27982624580237575	0.10093533333333334	0.9230499999999999	0.48	0.49	0.013289036544850499
pulse_s0p005	truth	carrier_noncarrier	30000.0	97	300	0.7971649484536081	0.0	0.10093533333333334	0.0	0.0	0.0	1.0
pulse_s0p005	truth	noncarrier_noncarrier	30000.0	70	300	0.7338571428571429	0.19145541278445627	0.10093533333333334	0.8487619047619047	0.2714285714285714	0.2857142857142857	0.029900332225913623
pulse_s0p005	truth	overall	30000.0	100	300	0.8032499999999999	0.162279	0.10093533333333334	0.8184666666666668	0.16	0.17	0.06976744186046513
denovo_delayed_s0p01	decode	overall	40000.0	100	300	0.01875	0.174414	0.17705100000000001	0.49956666666666677	0.0	0.0	0.49169435215946844
denovo_delayed_s0p05	decode	overall	40000.0	100	300	0.78925	0.6805429999999997	0.17705100000000001	0.97005	0.83	0.85	0.0033222591362126247
denovo_s0p003	decode	overall	40000.0	100	300	0.4623499999999999	0.25194	0.17705100000000001	0.6487666666666666	0.18	0.18	0.3388704318936877
denovo_s0p004	decode	overall	40000.0	100	300	0.6128	0.31991899999999995	0.17705100000000001	0.8218166666666665	0.27	0.27	0.08471760797342193
denovo_s0p005	decode	overall	40000.0	100	300	0.7357	0.398004	0.17705100000000001	0.8815833333333335	0.47	0.49	0.014950166112956811
pulse_delayed_s0p005	decode	overall	40000.0	100	300	0.2801	0.153051	0.17705100000000001	0.4052833333333334	0.0	0.0	0.5830564784053156
pulse_s0p003	decode	overall	40000.0	100	300	0.5155000000000001	0.22403899999999996	0.17705100000000001	0.6269833333333333	0.08	0.1	0.3787375415282392
pulse_s0p004	decode	overall	40000.0	100	300	0.67495	0.3127709999999999	0.17705100000000001	0.7730833333333333	0.28	0.29	0.08637873754152824
pulse_s0p005	decode	overall	40000.0	100	300	0.8032499999999999	0.37829100000000004	0.17705100000000001	0.8691166666666668	0.39	0.4	0.036544850498338874
denovo_delayed_s0p01	decode_meanp	overall	40000.0	100	300	0.01875	0.230917769956	0.23248722517933335	0.5033	0.01	0.01	0.4717607973421927
denovo_delayed_s0p05	decode_meanp	overall	40000.0	100	300	0.78925	0.6845709151489998	0.23248722517933335	0.9599666666666667	0.77	0.77	0.0033222591362126247
denovo_s0p003	decode_meanp	overall	40000.0	100	300	0.4623499999999999	0.291842681933	0.23248722517933335	0.6093	0.13	0.13	0.38870431893687707
denovo_s0p004	decode_meanp	overall	40000.0	100	300	0.6128	0.361710583138	0.23248722517933335	0.7904333333333333	0.2	0.2	0.11627906976744187
denovo_s0p005	decode_meanp	overall	40000.0	100	300	0.7357	0.43473135700700005	0.23248722517933335	0.8488999999999998	0.41	0.41	0.019933554817275746
pulse_delayed_s0p005	decode_meanp	overall	40000.0	100	300	0.2801	0.18428209828	0.23248722517933335	0.3151	0.0	0.0	0.7425249169435215
pulse_s0p003	decode_meanp	overall	40000.0	100	300	0.5155000000000001	0.259904357095	0.23248722517933335	0.5694333333333332	0.05	0.05	0.46013289036544847
pulse_s0p004	decode_meanp	overall	40000.0	100	300	0.67495	0.348969874534	0.23248722517933335	0.7386	0.2	0.2	0.14784053156146182
pulse_s0p005	decode_meanp	overall	40000.0	100	300	0.8032499999999999	0.423116439973	0.23248722517933335	0.8571	0.35	0.35	0.0415282392026578
denovo_delayed_s0p01	truth	carrier_carrier	40000.0	1	300	0.125	1.0	0.15520733333333334	1.0	1.0	1.0	0.0033222591362126247
denovo_delayed_s0p01	truth	carrier_noncarrier	40000.0	82	300	0.022865853658536585	0.14277136651025327	0.15520733333333334	0.3639430894308943	0.07317073170731707	0.07317073170731707	0.8289036544850499
denovo_delayed_s0p01	truth	noncarrier_noncarrier	40000.0	100	300	0.01875	0.14764660019142276	0.15520733333333334	0.44073333333333325	0.0	0.01	0.6179401993355482
denovo_delayed_s0p01	truth	overall	40000.0	100	300	0.01875	0.147987	0.15520733333333334	0.4408333333333334	0.0	0.0	0.6212624584717608
denovo_delayed_s0p05	truth	carrier_carrier	40000.0	100	300	0.78925	1.0	0.15520733333333334	1.0	1.0	1.0	0.0033222591362126247
denovo_delayed_s0p05	truth	carrier_noncarrier	40000.0	100	300	0.78925	0.16374217866266286	0.15520733333333334	0.4396666666666667	0.09	0.1	0.7192691029900332
denovo_delayed_s0p05	truth	noncarrier_noncarrier	40000.0	78	300	0.7432692307692307	0.15054285211734753	0.15520733333333334	0.4848076923076924	0.0	0.0	0.4717607973421927
denovo_delayed_s0p05	truth	overall	40000.0	100	300	0.78925	0.711161	0.15520733333333334	0.9871	0.93	0.94	0.0033222591362126247
denovo_s0p003	truth	carrier_carrier	40000.0	92	300	0.4984239130434782	0.6804529000715736	0.15520733333333334	0.9944565217391306	0.8369565217391305	0.8804347826086957	0.0033222591362126247
denovo_s0p003	truth	carrier_noncarrier	40000.0	100	300	0.4623499999999999	0.0	0.15520733333333334	0.0	0.0	0.0	1.0
denovo_s0p003	truth	noncarrier_noncarrier	40000.0	97	300	0.4475257731958763	0.20898833353010127	0.15520733333333334	0.6895189003436425	0.09278350515463918	0.09278350515463918	0.27906976744186046
denovo_s0p003	truth	overall	40000.0	100	300	0.4623499999999999	0.21513399999999996	0.15520733333333334	0.7316666666666666	0.08	0.1	0.15614617940199335
denovo_s0p004	truth	carrier_carrier	40000.0	99	300	0.6188383838383837	0.6274363981388624	0.15520733333333334	0.9826599326599327	0.7171717171717171	0.7777777777777778	0.0033222591362126247
denovo_s0p004	truth	carrier_noncarrier	40000.0	100	300	0.6128	0.0	0.15520733333333334	0.0	0.0	0.0	1.0
denovo_s0p004	truth	noncarrier_noncarrier	40000.0	95	300	0.5945789473684211	0.22076982825178385	0.15520733333333334	0.7539122807017544	0.05263157894736842	0.07368421052631578	0.16943521594684385
denovo_s0p004	truth	overall	40000.0	100	300	0.6128	0.26415299999999997	0.15520733333333334	0.8189833333333334	0.2	0.22	0.08803986710963455
denovo_s0p005	truth	carrier_carrier	40000.0	100	300	0.7357	0.6258781130189348	0.15520733333333334	0.9830333333333333	0.76	0.77	0.0033222591362126247
denovo_s0p005	truth	carrier_noncarrier	40000.0	100	300	0.7357	0.0	0.15520733333333334	0.0	0.0	0.0	1.0
denovo_s0p005	truth	noncarrier_noncarrier	40000.0	77	300	0.6690909090909091	0.23636560299020948	0.15520733333333334	0.7338744588744589	0.14285714285714285	0.14285714285714285	0.1362126245847176
denovo_s0p005	truth	overall	40000.0	100	300	0.7357	0.33195399999999997	0.15520733333333334	0.9085500000000001	0.31	0.37	0.016611295681063124
pulse_delayed_s0p005	truth	carrier_carrier	40000.0	88	300	0.3131818181818182	0.7828254576844048	0.15520733333333334	0.9990530303030302	0.9659090909090909	0.9886363636363636	0.0033222591362126247
pulse_delayed_s0p005	truth	carrier_noncarrier	40000.0	100	300	0.2801	0.0	0.15520733333333334	0.0	0.0	0.0	1.0
pulse_delayed_s0p005	truth	noncarrier_noncarrier	40000.0	100	300	0.2801	0.16876615179511634	0.15520733333333334	0.5797666666666667	0.0	0.01	0.36212624584717606
pulse_delayed_s0p005	truth	overall	40000.0	100	300	0.2801	0.166108	0.15520733333333334	0.53285	0.01	0.01	0.48006644518272423
pulse_s0p003	truth	carrier_carrier	40000.0	95	300	0.5405263157894737	0.6395498911504913	0.15520733333333334	0.9938245614035087	0.8105263157894737	0.8315789473684211	0.0033222591362126247
pulse_s0p003	truth	carrier_noncarrier	40000.0	99	300	0.5207070707070708	0.0	0.15520733333333334	0.0	0.0	0.0	1.0
pulse_s0p003	truth	noncarrier_noncarrier	40000.0	97	300	0.5021134020618556	0.1977527242767012	0.15520733333333334	0.6945360824742267	0.020618556701030927	0.030927835051546393	0.22259136212624583
pulse_s0p003	truth	overall	40000.0	100	300	0.5155000000000001	0.22070100000000004	0.15520733333333334	0.7168833333333334	0.08	0.11	0.16943521594684385
pulse_s0p004	truth	carrier_carrier	40000.0	98	300	0.6880102040816327	0.5880856461624913	0.15520733333333334	0.9767687074829932	0.6938775510204082	0.7551020408163265	0.0033222591362126247
pulse_s0p004	truth	carrier_noncarrier	40000.0	100	300	0.67495	0.0	0.15520733333333334	0.0	0.0	0.0	1.0
pulse_s0p004	truth	noncarrier_noncarrier	40000.0	81	300	0.6060493827160495	0.2098147322919753	0.15520733333333334	0.7333333333333335	0.04938271604938271	0.04938271604938271	0.22591362126245848
pulse_s0p004	truth	overall	40000.0	100	300	0.67495	0.285094	0.15520733333333334	0.8293	0.21	0.24	0.036544850498338874
pulse_s0p005	truth	carrier_carrier	40000.0	100	300	0.8032499999999999	0.5134095760318003	0.15520733333333334	0.9764333333333335	0.6	0.66	0.0033222591362126247
pulse_s0p005	truth	carrier_noncarrier	40000.0	97	300	0.7971649484536081	0.0	0.15520733333333334	0.0	0.0	0.0	1.0
pulse_s0p005	truth	noncarrier_noncarrier	40000.0	70	300	0.7338571428571429	0.25657353554486195	0.15520733333333334	0.7961428571428573	0.17142857142857143	0.21428571428571427	0.12956810631229235
pulse_s0p005	truth	overall	40000.0	100	300	0.8032499999999999	0.314858	0.15520733333333334	0.9073	0.34	0.38	0.016611295681063124
denovo_delayed_s0p01	decode	overall	50000.0	100	300	0.01875	0.21119699999999997	0.2158123333333333	0.49913333333333343	0.0	0.0	0.5016611295681064
denovo_delayed_s0p05	decode	overall	50000.0	100	300	0.78925	0.6960350000000001	0.2158123333333333	0.9606166666666667	0.77	0.77	0.0033222591362126247
denovo_s0p003	decode	overall	50000.0	100	300	0.4623499999999999	0.29882800000000004	0.2158123333333333	0.6428666666666668	0.14	0.14	0.3289036544850498
denovo_s0p004	decode	overall	50000.0	100	300	0.6128	0.37584699999999993	0.2158123333333333	0.8117499999999999	0.22	0.22	0.10631229235880399
denovo_s0p005	decode	overall	50000.0	100	300	0.7357	0.462622	0.2158123333333333	0.8734666666666666	0.43	0.43	0.023255813953488372
pulse_delayed_s0p005	decode	overall	50000.0	100	300	0.2801	0.178055	0.2158123333333333	0.3727166666666666	0.0	0.0	0.6179401993355482
pulse_s0p003	decode	overall	50000.0	100	300	0.5155000000000001	0.262864	0.2158123333333333	0.6145333333333334	0.05	0.05	0.3654485049833887
pulse_s0p004	decode	overall	50000.0	100	300	0.67495	0.363716	0.2158123333333333	0.7636666666666667	0.21	0.21	0.1212624584717608
pulse_s0p005	decode	overall	50000.0	100	300	0.8032499999999999	0.44517700000000004	0.2158123333333333	0.8647	0.37	0.38	0.053156146179401995
denovo_delayed_s0p01	decode_meanp	overall	50000.0	100	300	0.01875	0.262469743169	0.26428471205866666	0.502	0.01	0.01	0.4700996677740864
denovo_delayed_s0p05	decode_meanp	overall	50000.0	100	300	0.78925	0.7035930189579999	0.26428471205866666	0.954	0.76	0.76	0.0033222591362126247
denovo_s0p003	decode_meanp	overall	50000.0	100	300	0.4623499999999999	0.327606116162	0.26428471205866666	0.6041333333333333	0.13	0.13	0.3903654485049834
denovo_s0p004	decode_meanp	overall	50000.0	100	300	0.6128	0.40415630218299997	0.26428471205866666	0.7874	0.19	0.19	0.12292358803986711
denovo_s0p005	decode_meanp	overall	50000.0	100	300	0.7357	0.48229623194	0.26428471205866666	0.8431000000000001	0.39	0.4	0.019933554817275746
pulse_delayed_s0p005	decode_meanp	overall	50000.0	100	300	0.2801	0.206620792135	0.26428471205866666	0.30293333333333333	0.0	0.0	0.7491694352159468
pulse_s0p003	decode_meanp	overall	50000.0	100	300	0.5155000000000001	0.28942313171699996	0.26428471205866666	0.5587333333333334	0.04	0.04	0.46677740863787376
pulse_s0p004	decode_meanp	overall	50000.0	100	300	0.67495	0.3870056026539999	0.26428471205866666	0.7284333333333335	0.2	0.2	0.1760797342192691
pulse_s0p005	decode_meanp	overall	50000.0	100	300	0.8032499999999999	0.4703681239909999	0.26428471205866666	0.8514	0.34	0.34	0.059800664451827246
denovo_delayed_s0p01	truth	carrier_carrier	50000.0	1	300	0.125	1.0	0.20062233333333335	1.0	1.0	1.0	0.0033222591362126247
denovo_delayed_s0p01	truth	carrier_noncarrier	50000.0	82	300	0.022865853658536585	0.19759830799936648	0.20062233333333335	0.4058943089430894	0.08536585365853659	0.10975609756097561	0.7890365448504983
denovo_delayed_s0p01	truth	noncarrier_noncarrier	50000.0	100	300	0.01875	0.19742602379173868	0.20062233333333335	0.48946666666666666	0.0	0.0	0.4700996677740864
denovo_delayed_s0p01	truth	overall	50000.0	100	300	0.01875	0.197682	0.20062233333333335	0.49256666666666665	0.0	0.0	0.4767441860465116
denovo_delayed_s0p05	truth	carrier_carrier	50000.0	100	300	0.78925	1.0	0.20062233333333335	1.0	1.0	1.0	0.0033222591362126247
denovo_delayed_s0p05	truth	carrier_noncarrier	50000.0	100	300	0.78925	0.20728513274694435	0.20062233333333335	0.44439999999999996	0.12	0.12	0.6511627906976745
denovo_delayed_s0p05	truth	noncarrier_noncarrier	50000.0	78	300	0.7432692307692307	0.2157643588870585	0.20062233333333335	0.5483333333333335	0.01282051282051282	0.01282051282051282	0.3588039867109635
denovo_delayed_s0p05	truth	overall	50000.0	100	300	0.78925	0.7276859999999999	0.20062233333333335	0.98155	0.87	0.87	0.0033222591362126247
denovo_s0p003	truth	carrier_carrier	50000.0	92	300	0.4984239130434782	0.8879312626514021	0.20062233333333335	0.9998188405797102	0.9891304347826086	0.9891304347826086	0.0033222591362126247
denovo_s0p003	truth	carrier_noncarrier	50000.0	100	300	0.4623499999999999	0.0	0.20062233333333335	0.0	0.0	0.0	1.0
denovo_s0p003	truth	noncarrier_noncarrier	50000.0	97	300	0.4475257731958763	0.25703394980220273	0.20062233333333335	0.6712371134020618	0.07216494845360824	0.08247422680412371	0.23588039867109634
denovo_s0p003	truth	overall	50000.0	100	300	0.4623499999999999	0.320826	0.20062233333333335	0.7377166666666666	0.25	0.26	0.12624584717607973
denovo_s0p004	truth	carrier_carrier	50000.0	99	300	0.6188383838383837	0.8475864215196813	0.20062233333333335	0.9982828282828284	0.898989898989899	0.9191919191919192	0.0033222591362126247
denovo_s0p004	truth	carrier_noncarrier	50000.0	100	300	0.6128	0.0	0.20062233333333335	0.0	0.0	0.0	1.0
denovo_s0p004	truth	noncarrier_noncarrier	50000.0	95	300	0.5945789473684211	0.2635584051233162	0.20062233333333335	0.7076842105263158	0.08421052631578947	0.08421052631578947	0.2026578073089701
denovo_s0p004	truth	overall	50000.0	100	300	0.6128	0.39520799999999995	0.20062233333333335	0.8544833333333334	0.32	0.33	0.026578073089700997
denovo_s0p005	truth	carrier_carrier	50000.0	100	300	0.7357	0.8761440819980205	0.20062233333333335	0.9977333333333334	0.95	0.95	0.0033222591362126247
denovo_s0p005	truth	carrier_noncarrier	50000.0	100	300	0.7357	0.0	0.20062233333333335	0.0	0.0	0.0	1.0
denovo_s0p005	truth	noncarrier_noncarrier	50000.0	77	300	0.6690909090909091	0.28198572345570105	0.20062233333333335	0.723982683982684	0.1038961038961039	0.1038961038961039	0.19269102990033224
denovo_s0p005	truth	overall	50000.0	100	300	0.7357	0.517336	0.20062233333333335	0.93645	0.58	0.61	0.0049833887043189366
pulse_delayed_s0p005	truth	carrier_carrier	50000.0	88	300	0.3131818181818182	0.8957255788700866	0.20062233333333335	0.9996969696969696	0.9886363636363636	0.9886363636363636	0.0033222591362126247
pulse_delayed_s0p005	truth	carrier_noncarrier	50000.0	100	300	0.2801	0.0	0.20062233333333335	0.0	0.0	0.0	1.0
pulse_delayed_s0p005	truth	noncarrier_noncarrier	50000.0	100	300	0.2801	0.21148067380463548	0.20062233333333335	0.5426000000000001	0.03	0.03	0.43687707641196016
pulse_delayed_s0p005	truth	overall	50000.0	100	300	0.2801	0.200914	0.20062233333333335	0.48211666666666664	0.01	0.02	0.5282392026578073
pulse_s0p003	truth	carrier_carrier	50000.0	95	300	0.5405263157894737	0.8613081174251034	0.20062233333333335	0.9991929824561403	0.9789473684210527	0.9789473684210527	0.0033222591362126247
pulse_s0p003	truth	carrier_noncarrier	50000.0	99	300	0.5207070707070708	0.0	0.20062233333333335	0.0	0.0	0.0	1.0
pulse_s0p003	truth	noncarrier_noncarrier	50000.0	97	300	0.5021134020618556	0.2376120506565298	0.20062233333333335	0.6340549828178694	0.041237113402061855	0.05154639175257732	0.32558139534883723
pulse_s0p003	truth	overall	50000.0	100	300	0.5155000000000001	0.32043900000000003	0.20062233333333335	0.7498166666666668	0.25	0.25	0.10132890365448505
pulse_s0p004	truth	carrier_carrier	50000.0	98	300	0.6880102040816327	0.7807471805545363	0.20062233333333335	0.9970068027210885	0.9081632653061225	0.9183673469387755	0.0033222591362126247
pulse_s0p004	truth	carrier_noncarrier	50000.0	100	300	0.67495	0.0	0.20062233333333335	0.0	0.0	0.0	1.0
pulse_s0p004	truth	noncarrier_noncarrier	50000.0	81	300	0.6060493827160495	0.26914582080558813	0.20062233333333335	0.6887860082304528	0.13580246913580246	0.13580246913580246	0.30564784053156147
pulse_s0p004	truth	overall	50000.0	100	300	0.67495	0.40942899999999993	0.20062233333333335	0.8725166666666668	0.41	0.41	0.026578073089700997
pulse_s0p005	truth	carrier_carrier	50000.0	100	300	0.8032499999999999	0.7853609560791264	0.20062233333333335	0.9967666666666668	0.92	0.93	0.0033222591362126247
pulse_s0p005	truth	carrier_noncarrier	50000.0	97	300	0.7971649484536081	0.0	0.20062233333333335	0.0	0.0	0.0	1.0
pulse_s0p005	truth	noncarrier_noncarrier	50000.0	70	300	0.7338571428571429	0.30178572163470957	0.20062233333333335	0.7876190476190477	0.17142857142857143	0.17142857142857143	0.11960132890365449
pulse_s0p005	truth	overall	50000.0	100	300	0.8032499999999999	0.5258970000000001	0.20062233333333335	0.9460000000000001	0.64	0.65	0.0033222591362126247
denovo_delayed_s0p01	decode	overall	75000.0	100	300	0.01875	0.283892	0.28657900000000003	0.5044333333333334	0.01	0.01	0.46179401993355484
denovo_delayed_s0p05	decode	overall	75000.0	100	300	0.78925	0.7222329999999998	0.28657900000000003	0.94595	0.64	0.71	0.006644518272425249
denovo_s0p003	decode	overall	75000.0	100	300	0.4623499999999999	0.37008899999999995	0.28657900000000003	0.61925	0.09	0.11	0.38870431893687707
denovo_s0p004	decode	overall	75000.0	100	300	0.6128	0.46469699999999997	0.28657900000000003	0.7933666666666669	0.15	0.18	0.1079734219269103
denovo_s0p005	decode	overall	75000.0	100	300	0.7357	0.560649	0.28657900000000003	0.8508333333333333	0.33	0.38	0.026578073089700997
pulse_delayed_s0p005	decode	overall	75000.0	100	300	0.2801	0.22263100000000005	0.28657900000000003	0.3251	0.0	0.0	0.7093023255813953
pulse_s0p003	decode	overall	75000.0	100	300	0.5155000000000001	0.3254420000000001	0.28657900000000003	0.5901833333333333	0.02	0.03	0.4119601328903655
pulse_s0p004	decode	overall	75000.0	100	300	0.67495	0.443825	0.28657900000000003	0.7463666666666664	0.13	0.18	0.1345514950166113
pulse_s0p005	decode	overall	75000.0	100	300	0.8032499999999999	0.5487709999999999	0.28657900000000003	0.8581	0.32	0.32	0.054817275747508304
denovo_delayed_s0p01	decode_meanp	overall	75000.0	100	300	0.01875	0.32301616305599995	0.32563642895666667	0.49729999999999996	0.01	0.01	0.5099667774086378
denovo_delayed_s0p05	decode_meanp	overall	75000.0	100	300	0.78925	0.7334494398310001	0.32563642895666667	0.9408	0.69	0.7	0.0033222591362126247
denovo_s0p003	decode_meanp	overall	75000.0	100	300	0.4623499999999999	0.39260936479099995	0.32563642895666667	0.5963999999999999	0.09	0.1	0.4318936877076412
denovo_s0p004	decode_meanp	overall	75000.0	100	300	0.6128	0.478495164023	0.32563642895666667	0.7748000000000002	0.17	0.17	0.12956810631229237
denovo_s0p005	decode_meanp	overall	75000.0	100	300	0.7357	0.561845720019	0.32563642895666667	0.8316999999999999	0.37	0.37	0.036544850498338874
pulse_delayed_s0p005	decode_meanp	overall	75000.0	100	300	0.2801	0.24861533865600002	0.32563642895666667	0.28059999999999996	0.0	0.0	0.8006644518272426
pulse_s0p003	decode_meanp	overall	75000.0	100	300	0.5155000000000001	0.34088202776000004	0.32563642895666667	0.5321666666666667	0.02	0.02	0.4750830564784053
pulse_s0p004	decode_meanp	overall	75000.0	100	300	0.67495	0.4508775006830001	0.32563642895666667	0.7056333333333333	0.14	0.14	0.1760797342192691
pulse_s0p005	decode_meanp	overall	75000.0	100	300	0.8032499999999999	0.548838212541	0.32563642895666667	0.8383666666666666	0.29	0.31	0.07308970099667775
denovo_delayed_s0p01	truth	carrier_carrier	75000.0	1	300	0.125	1.0	0.28886799999999996	1.0	1.0	1.0	0.0033222591362126247
denovo_delayed_s0p01	truth	carrier_noncarrier	75000.0	82	300	0.022865853658536585	0.2847040097466034	0.28886799999999996	0.4502439024390244	0.024390243902439025	0.024390243902439025	0.5448504983388704
denovo_delayed_s0p01	truth	noncarrier_noncarrier	75000.0	100	300	0.01875	0.29727179200860043	0.28886799999999996	0.5303000000000001	0.01	0.01	0.4069767441860465
denovo_delayed_s0p01	truth	overall	75000.0	100	300	0.01875	0.297123	0.28886799999999996	0.5316500000000001	0.01	0.01	0.4069767441860465
denovo_delayed_s0p05	truth	carrier_carrier	75000.0	100	300	0.78925	1.0	0.28886799999999996	1.0	1.0	1.0	0.0033222591362126247
denovo_delayed_s0p05	truth	carrier_noncarrier	75000.0	100	300	0.78925	0.30308216221104944	0.28886799999999996	0.4906333333333333	0.07	0.08	0.4036544850498339
denovo_delayed_s0p05	truth	noncarrier_noncarrier	75000.0	78	300	0.7432692307692307	0.3058571009090776	0.28886799999999996	0.5507264957264958	0.02564102564102564	0.02564102564102564	0.40199335548172754
denovo_delayed_s0p05	truth	overall	75000.0	100	300	0.78925	0.76436	0.28886799999999996	0.9702833333333334	0.78	0.79	0.0033222591362126247
denovo_s0p003	truth	carrier_carrier	75000.0	92	300	0.4984239130434782	1.0	0.28886799999999996	1.0	1.0	1.0	0.0033222591362126247
denovo_s0p003	truth	carrier_noncarrier	75000.0	100	300	0.4623499999999999	0.1000230291175707	0.28886799999999996	0.1338	0.03	0.03	1.0
denovo_s0p003	truth	noncarrier_noncarrier	75000.0	97	300	0.4475257731958763	0.3307767800914974	0.28886799999999996	0.6102061855670103	0.030927835051546393	0.030927835051546393	0.34219269102990035
denovo_s0p003	truth	overall	75000.0	100	300	0.4623499999999999	0.421938	0.28886799999999996	0.6994500000000001	0.19	0.19	0.23588039867109634
denovo_s0p004	truth	carrier_carrier	75000.0	99	300	0.6188383838383837	1.0	0.28886799999999996	1.0	1.0	1.0	0.0033222591362126247
denovo_s0p004	truth	carrier_noncarrier	75000.0	100	300	0.6128	0.06745410409473739	0.28886799999999996	0.10603333333333331	0.01	0.01	1.0
denovo_s0p004	truth	noncarrier_noncarrier	75000.0	95	300	0.5945789473684211	0.35528188768425417	0.28886799999999996	0.6490175438596489	0.05263157894736842	0.05263157894736842	0.3089700996677741
denovo_s0p004	truth	overall	75000.0	100	300	0.6128	0.5283950000000001	0.28886799999999996	0.8551666666666665	0.31	0.34	0.053156146179401995
denovo_s0p005	truth	carrier_carrier	75000.0	100	300	0.7357	1.0	0.28886799999999996	1.0	1.0	1.0	0.0033222591362126247
denovo_s0p005	truth	carrier_noncarrier	75000.0	100	300	0.7357	0.06334047713119129	0.28886799999999996	0.10219999999999999	0.0	0.0	1.0
denovo_s0p005	truth	noncarrier_noncarrier	75000.0	77	300	0.6690909090909091	0.34203991121821015	0.28886799999999996	0.6191774891774892	0.03896103896103896	0.03896103896103896	0.3222591362126246
denovo_s0p005	truth	overall	75000.0	100	300	0.7357	0.646113	0.28886799999999996	0.9017999999999999	0.52	0.52	0.006644518272425249
pulse_delayed_s0p005	truth	carrier_carrier	75000.0	88	300	0.3131818181818182	0.9491181261273134	0.28886799999999996	0.9966287878787878	0.8977272727272727	0.9204545454545454	0.0033222591362126247
pulse_delayed_s0p005	truth	carrier_noncarrier	75000.0	100	300	0.2801	0.0	0.28886799999999996	0.0	0.0	0.0	1.0
pulse_delayed_s0p005	truth	noncarrier_noncarrier	75000.0	100	300	0.2801	0.2927164570652168	0.28886799999999996	0.5495666666666668	0.01	0.01	0.4069767441860465
pulse_delayed_s0p005	truth	overall	75000.0	100	300	0.2801	0.253603	0.28886799999999996	0.4235666666666667	0.0	0.0	0.6112956810631229
pulse_s0p003	truth	carrier_carrier	75000.0	95	300	0.5405263157894737	0.9505935235261674	0.28886799999999996	0.9958245614035088	0.9157894736842105	0.9263157894736842	0.0033222591362126247
pulse_s0p003	truth	carrier_noncarrier	75000.0	99	300	0.5207070707070708	0.0	0.28886799999999996	0.0	0.0	0.0	1.0
pulse_s0p003	truth	noncarrier_noncarrier	75000.0	97	300	0.5021134020618556	0.3467274389165495	0.28886799999999996	0.6371821305841925	0.041237113402061855	0.041237113402061855	0.36212624584717606
pulse_s0p003	truth	overall	75000.0	100	300	0.5155000000000001	0.38609299999999996	0.28886799999999996	0.6991499999999999	0.07	0.08	0.1877076411960133
pulse_s0p004	truth	carrier_carrier	75000.0	98	300	0.6880102040816327	0.9124786592124736	0.28886799999999996	0.9935034013605444	0.8367346938775511	0.8367346938775511	0.0033222591362126247
pulse_s0p004	truth	carrier_noncarrier	75000.0	100	300	0.67495	0.0	0.28886799999999996	0.0	0.0	0.0	1.0
pulse_s0p004	truth	noncarrier_noncarrier	75000.0	81	300	0.6060493827160495	0.36517122288641823	0.28886799999999996	0.6697736625514403	0.04938271604938271	0.04938271604938271	0.2823920265780731
pulse_s0p004	truth	overall	75000.0	100	300	0.67495	0.520521	0.28886799999999996	0.8255666666666669	0.29	0.32	0.06312292358803986
pulse_s0p005	truth	carrier_carrier	75000.0	100	300	0.8032499999999999	0.9222095977070413	0.28886799999999996	0.9935666666666667	0.86	0.86	0.0033222591362126247
pulse_s0p005	truth	carrier_noncarrier	75000.0	97	300	0.7971649484536081	0.0	0.28886799999999996	0.0	0.0	0.0	1.0
pulse_s0p005	truth	noncarrier_noncarrier	75000.0	70	300	0.7338571428571429	0.3800678497277105	0.28886799999999996	0.7015238095238094	0.07142857142857142	0.08571428571428572	0.22591362126245848
pulse_s0p005	truth	overall	75000.0	100	300	0.8032499999999999	0.6419360000000001	0.28886799999999996	0.9085666666666669	0.5	0.51	0.00830564784053156
