selection_coefficient	replicate	realized_population_allele_frequency	focal_allele_outcome	ancestry_seconds	slim_seconds	center_fraction_recent	center_mean_tmrca_generations	window_10000_fraction_recent	window_100000_fraction_recent	neutral_plateau_fraction_recent	neutral_plateau_mean_tmrca_generations	center_fraction_recent_mc_p_upper	window_10000_fraction_recent_mc_p_upper	window_100000_fraction_recent_mc_p_upper	n_pairs_tmrca_lt_threshold
0.0	0	0.0	lost	17.412112899997737	2.5141026999917813	0.006	24636.225137533776	0.0059090909090909	0.0056287128712871	0.0092272727272727	19866.590414140363				12
0.0	1	0.0	lost	17.35114430001704	2.4110938999801874	0.0105	12857.365993800482	0.0104999999999999	0.0111336633663366	0.0077024793388429	19487.163866901643				21
0.0	2	0.0	lost	17.342750800016802	2.5269012000062503	0.0105	10127.954895543158	0.0104999999999999	0.0101386138613861	0.0088842975206611	20546.56794653689				21
0.0	3	0.0	lost	17.41284970002016	2.485865199996624	0.012	26105.967048082344	0.012	0.0121930693069306	0.0101198347107438	19819.412477768296				24
0.0	4	0.0	lost	17.419785899983253	2.567670000018552	0.0075	85249.6773712653	0.0075	0.0072376237623762	0.0105330578512396	19177.867049845296				15
0.0	5	0.0	lost	17.404544400051236	2.419589400000405	0.009	13187.635334414246	0.0089999999999999	0.0089108910891089	0.0077396694214876	19251.84019187204				18
0.0	6	0.0	lost	17.10994389996631	2.330932100012433	0.008	15646.21933931174	0.0076363636363636	0.0077079207920792	0.0083429752066115	20028.13528071929				16
0.0	7	0.0	lost	16.85116989997914	2.4432116000098176	0.012	11455.73075603573	0.0119090909090909	0.0111485148514851	0.0104999999999999	20137.07037783839				24
0.0	8	0.0	lost	16.59507660003146	2.713326300028712	0.012	11985.855791530064	0.012	0.0122623762376237	0.0118099173553719	20917.184370853207				24
0.0	9	0.0	lost	17.09841180004878	2.7983823000104167	0.0125	7803.1278839857	0.0121818181818181	0.0118762376237623	0.0070785123966942	19087.99890191156				25
0.0	10	0.0	lost	17.080249199992977	2.75230890000239	0.011	25716.11240480725	0.0109999999999999	0.0108811881188118	0.0097396694214876	19878.559374694083				22
0.0	11	0.0	lost	17.092521100013983	2.611707400006708	0.01	24685.59379074958	0.0099999999999999	0.0101485148514851	0.0095702479338842	19697.61536424674				20
0.0	12	0.0	lost	14.816900800040456	2.1578122000209987	0.011	23700.35705129296	0.0111818181818181	0.0102920792079207	0.0109008264462809	18614.13292948624				22
0.0	13	0.0	lost	14.013129299972206	2.735160000040196	0.0115	10697.896960910552	0.0116363636363636	0.0116732673267326	0.0069834710743801	20567.451560748057				23
0.0	14	0.0	lost	16.545461200003047	2.869172200036701	0.0105	8413.026734411518	0.010590909090909	0.0107326732673267	0.0102768595041322	20290.656049232814				21
0.0	15	0.0	lost	16.888790099998005	2.8379724000114948	0.007	26814.446657642104	0.007	0.00709900990099	0.0084132231404958	19717.601496494182				14
0.0	16	0.0	lost	10.33118390000891	3.0527825000463054	0.0105	17170.75750929498	0.0104999999999999	0.0102277227722772	0.0105	20057.152310076883				21
0.0	17	0.0	lost	12.447253399994224	2.7977729000267573	0.013	8347.92983592927	0.0128181818181818	0.0121831683168316	0.0071487603305785	20509.012771640027				26
0.0	18	0.0	lost	18.405495499959216	2.892486100026872	0.008	22294.000015117057	0.008	0.0079851485148514	0.0089586776859504	21018.87775934884				16
0.0	19	0.0	lost	17.755443100002594	3.0020496000070125	0.013	22966.108642349325	0.013090909090909	0.0127920792079207	0.010297520661157	19781.71011100356				26
0.0	20	0.0	lost	17.786793700011913	3.155848799971864	0.012	24312.43627450253	0.0120454545454545	0.0123019801980198	0.0100165289256198	21259.444097981625				24
0.0	21	0.0	lost	17.928258700005244	3.2028978999587707	0.004	9344.188010918915	0.004	0.0044405940594059	0.0089710743801652	19339.72434201752				8
0.0	22	0.0	lost	17.515785399999004	2.953038099978585	0.011	21991.31001844353	0.0109999999999999	0.0112475247524752	0.0090082644628099	20434.54465724305				22
0.0	23	0.0	lost	17.33923699997831	3.033129199990072	0.0095	12974.772484936297	0.0094999999999999	0.0094851485148514	0.0090330578512396	20547.04280067984				19
0.0	24	0.0	lost	12.104744300013408	3.487038199964445	0.011	13245.741996555273	0.0113636363636363	0.0117277227722772	0.0095578512396694	20335.780379351298				22
0.0	25	0.0	lost	12.340399199980313	3.7809749000007287	0.006	19091.98418976019	0.006090909090909	0.0060643564356435	0.0098884297520661	18621.41243748605				12
0.0	26	0.0	lost	15.756907000031788	2.4953839000081643	0.0105	24607.20845110399	0.0104545454545454	0.0104405940594059	0.0096611570247933	20611.44944033688				21
0.0	27	0.0	lost	15.072555100021418	2.7971870999899693	0.007	16036.190356906363	0.006590909090909	0.0063960396039603	0.0093512396694214	19384.87778920944				14
0.0	28	0.0	lost	15.952587399980985	2.555794699990656	0.007	24459.44119784872	0.0067727272727272	0.0069356435643564	0.0079586776859504	19006.069001265976				14
0.0	29	0.0	lost	15.97899050003616	2.58051559998421	0.012	31443.109159028485	0.012	0.0122128712871287	0.0113884297520661	18393.31801290849				24
0.0	30	0.0	lost	15.849761499965098	2.580490399966948	0.0085	38560.7001098232	0.0085	0.008529702970297	0.0068223140495867	19215.22589296288				17
0.0	31	0.0	lost	15.857483499974478	2.538153200002853	0.01	16193.752734993805	0.0099999999999999	0.0094851485148514	0.0094834710743801	19696.60674005661				20
0.0	32	0.0	lost	12.223658700007944	3.541326000005938	0.005	12119.528563027823	0.0049999999999999	0.0049702970297029	0.0083140495867768	19157.667269151105				10
0.0	33	0.0	lost	12.127593500015792	2.812872700043954	0.0065	9774.678613726206	0.0062727272727272	0.0058366336633663	0.0088595041322314	20295.96696487914				13
0.0	34	0.0	lost	15.719371600018349	3.1856491999933496	0.008	31988.57085649424	0.0081818181818181	0.0083118811881188	0.0084876033057851	19722.12852671709				16
0.0	35	0.0	lost	15.525056099984797	2.826400899968576	0.007	17247.088313846052	0.007	0.0069405940594059	0.0083347107438016	21226.13044640682				14
0.0	36	0.0	lost	14.531598899979144	3.1019251000252552	0.012	14002.175942300744	0.012	0.0114603960396039	0.0098099173553719	20204.8166505733				24
0.0	37	0.0	lost	15.585494600003583	2.906157799996436	0.0095	21778.153224245427	0.0096363636363636	0.0097772277227722	0.0093057851239669	20322.86351027338				19
0.0	38	0.0	lost	15.674347200023476	2.9606691999943	0.009	32855.34180992116	0.0089999999999999	0.0092524752475247	0.0091033057851239	19390.235099922826				18
0.0	39	0.0	lost	15.682123599981423	2.95108299999265	0.011	5798.82941454743	0.0109999999999999	0.0107227722772277	0.0077809917355371	21503.996309700746				22
0.0	40	0.0	lost	11.60536000004504	2.603618599998299	0.0115	17846.656200292262	0.011590909090909	0.0116386138613861	0.0092851239669421	19266.63063055564				23
0.0	41	0.0	lost	12.561626499984412	2.61519160005264	0.009	23099.63891341368	0.0089999999999999	0.0097524752475247	0.0088264462809917	21324.0536514464				18
0.0	42	0.0	lost	15.746804900001734	2.9402732999878936	0.0085	17733.352726734527	0.0085	0.0084702970297029	0.0088677685950413	20077.08555342465				17
0.0	43	0.0	lost	15.760807699989527	3.1497553999652155	0.0095	20343.458552922755	0.0094999999999999	0.0099207920792079	0.0074462809917355	21078.012729720143				19
0.0	44	0.0	lost	15.707065299968235	3.3004353000433184	0.0075	16057.087394579465	0.0075	0.0073019801980198	0.0087603305785123	20386.92329078025				15
0.0	45	0.0	lost	15.491811499989126	2.981047999986913	0.01	15803.89172722289	0.010090909090909	0.0102079207920792	0.0077727272727272	19983.63411323292				20
0.0	46	0.0	lost	15.59206890000496	3.11591039999621	0.008	13279.631907209252	0.008	0.0079702970297029	0.0087727272727272	19543.50538686788				16
0.0	47	0.0	lost	15.562370200001167	3.2766246999963187	0.012	10792.475668148623	0.0120454545454545	0.0115643564356435	0.007793388429752	20499.93206939568				24
0.0	48	0.0	lost	10.03140070004156	2.3509518000064418	0.0115	14372.39546350363	0.0115	0.0118366336633663	0.0120165289256198	20208.06585280509				23
0.0	49	0.0	lost	11.466183200012892	2.5193267000140622	0.0095	28102.283281591383	0.0094545454545454	0.0093217821782178	0.008698347107438	18977.91466559876				19
0.0	50	0.0	lost	16.16105419996893	3.037547799991444	0.011	17462.053563571117	0.0109999999999999	0.011	0.0078223140495867	19587.1603330416				22
0.0	51	0.0	lost	15.542897399980577	2.798291400016751	0.01	8608.382792041648	0.0097727272727272	0.0098019801980197	0.0085578512396694	20640.763374432187				20
0.0	52	0.0	lost	15.990854599978777	3.126391700003296	0.013	38493.67799669117	0.0133181818181818	0.0131336633663366	0.0101074380165289	19347.35559728373				26
0.0	53	0.0	lost	16.58185840002261	2.8837901999941096	0.006	17943.07341142079	0.006	0.0059999999999999	0.0081404958677685	18975.75357327904				12
0.0	54	0.0	lost	16.449687200016342	2.927588899969124	0.01	12039.612502055612	0.0097272727272727	0.0094059405940594	0.0082892561983471	19943.35077129723				20
0.0	55	0.0	lost	16.437485399947036	3.0382976999972016	0.013	20174.883118626625	0.0128636363636363	0.0119653465346534	0.0089380165289256	20676.96798107216				26
0.0	56	0.0	lost	15.484234499977902	3.3624463999876752	0.0075	13292.180006943066	0.0076363636363636	0.0078861386138613	0.0109297520661157	20325.065138297272				15
0.0	57	0.0	lost	7.064102800039109	3.184375700016972	0.0085	10293.27493547483	0.0085	0.0088465346534653	0.0064628099173553	19525.96174596933				17
0.0	58	0.0	lost	15.45757309999317	2.554397900006734	0.0075	22807.618634848463	0.0077272727272727	0.0078663366336633	0.0089173553719008	21467.832417752583				15
0.0	59	0.0	lost	16.797390199964866	3.560059099982027	0.0065	52865.150525466415	0.0065	0.0063069306930693	0.0086859504132231	21321.11984981852				13
0.0	60	0.0	lost	15.912600000039674	3.49945740000112	0.004	13311.811042551411	0.004	0.0041039603960396	0.0088471074380165	19871.95289557885				8
0.0	61	0.0	lost	17.202831399976276	3.4969623999786563	0.0065	30107.884881826634	0.0065	0.0061633663366336	0.0080867768595041	19233.370150466893				13
0.0	62	0.0	lost	15.95990889996756	3.364168100000825	0.0145	19798.705568420963	0.0145	0.0139306930693069	0.008590909090909	18316.215563497848				29
0.0	63	0.0	lost	17.043654099979904	3.5817669999669306	0.008	37269.56623187876	0.0083636363636363	0.0086732673267326	0.0082644628099173	19182.168716250064				16
0.0	64	0.0	lost	16.82931010000175	3.4535053999861702	0.0045	24045.55600757467	0.0046818181818181	0.0053613861386138	0.007995867768595	21286.38610672095				9
0.0	65	0.0	lost	16.58355040004244	3.253904999990482	0.0095	24546.55432702203	0.0094999999999999	0.0098613861386138	0.0101611570247933	19133.92370004241				19
0.0	66	0.0	lost	11.16557880002074	2.468437399948016	0.007	17175.272356782833	0.007	0.0073465346534653	0.0084586776859504	22078.46656407604				14
0.0	67	0.0	lost	15.678318699996453	3.647513499949128	0.0085	23829.39494457846	0.0086818181818181	0.0095445544554455	0.0095743801652892	19537.415648700146				17
0.0	68	0.0	lost	14.569499899982477	2.6427565999911167	0.0095	14969.173467015562	0.0094090909090909	0.0091039603960396	0.0089545454545454	19302.94092622538				19
0.0	69	0.0	lost	15.65313209994929	3.525827500037849	0.0115	15259.294329127591	0.0115	0.0115544554455445	0.0101363636363636	19849.489056560305				23
0.0	70	0.0	lost	15.009417200053576	3.176017599995248	0.0105	16627.62018964593	0.0105454545454545	0.0109999999999999	0.0100041322314049	21136.58782714589				21
0.0	71	0.0	lost	15.343220900045708	3.4325335000175983	0.007	16027.9223221526	0.007	0.0071039603960396	0.0099132231404958	19316.385281127685				14
0.0	72	0.0	lost	15.222353800025305	3.495444599946495	0.0095	23425.9546214102	0.0094090909090909	0.0093960396039603	0.0083099173553719	19735.40379128922				19
0.0	73	0.0	lost	15.095172700006517	3.415984200022649	0.01	13071.97869976943	0.0098636363636363	0.0097920792079207	0.0078429752066115	19279.977857988804				20
0.0	74	0.0	lost	7.614645999972708	2.426274800032843	0.0105	16107.772789146278	0.0104999999999999	0.0104306930693069	0.0093512396694214	18544.426190589573				21
0.0	75	0.0	lost	6.771454600035213	2.9946017000474967	0.009	17937.221772051253	0.0089999999999999	0.0091881188118811	0.0099586776859504	20445.061251668907				18
0.0	76	0.0	lost	13.006411400041545	3.554509199981112	0.0115	19804.77679005802	0.0115	0.0116584158415841	0.0092479338842975	19719.12803814652				23
0.0	77	0.0	lost	12.912466900015716	3.288716099981684	0.0095	22620.84145366684	0.0094999999999999	0.0092079207920792	0.0089256198347107	21091.29394562782				19
0.0	78	0.0	lost	12.928122300014364	3.319932200014591	0.0075	13034.897354290311	0.0075	0.0076782178217821	0.0092479338842975	20289.95161862452				15
0.0	79	0.0	lost	12.454883700003847	3.0731960999546573	0.0105	18753.1621336848	0.0104090909090909	0.0105940594059405	0.0092479338842975	20885.02533704202				21
0.0	80	0.0	lost	12.912199199956376	2.9247594000189565	0.008	29201.864756791365	0.008	0.0078960396039603	0.0089008264462809	20694.21822951662				16
0.0	81	0.0	lost	12.843178200011607	3.2886966000078246	0.0085	13575.92125945896	0.0085454545454545	0.0089306930693069	0.0085289256198347	18634.97246126793				17
0.0	82	0.0	lost	11.424363299971446	3.113638400041964	0.0065	33115.87089632029	0.0065	0.0066683168316831	0.0091528925619834	20103.749745408848				13
0.0	83	0.0	lost	5.472507800033782	2.5510178999975324	0.0075	18446.335849636947	0.0075	0.007	0.0074421487603305	21199.78501164017				15
0.0	84	0.0	lost	10.537863300007302	2.370709499984514	0.0105	22954.78075677291	0.0104999999999999	0.0102227722772277	0.008194214876033	19320.23006464179				21
0.0	85	0.0	lost	11.048954300000332	3.343801200040616	0.009	14008.165768348475	0.0089999999999999	0.0086782178217821	0.0093057851239669	21312.12750357331				18
0.0	86	0.0	lost	9.131338899955152	2.539744899957441	0.008	13954.783071301985	0.008	0.0074554455445544	0.0094504132231404	19780.04539704729				16
0.0	87	0.0	lost	12.39527179999277	3.866246399993543	0.0085	35429.434666740235	0.0084090909090909	0.0076386138613861	0.0095702479338843	20883.318035030497				17
0.0	88	0.0	lost	12.8193516000174	3.683288800006266	0.0105	9648.38095071274	0.0104999999999999	0.0101237623762376	0.009793388429752	19323.56921750307				21
0.0	89	0.0	lost	12.75592719996348	3.568554600002244	0.0065	15989.848664718453	0.0065	0.007009900990099	0.0089793388429752	20523.84571701132				13
0.0	90	0.0	lost	12.614256100030616	3.811931999982335	0.0095	15759.285396716645	0.0093636363636363	0.0088415841584158	0.0091776859504132	20405.52005407572				19
0.0	91	0.0	lost	12.380386400036514	3.741182799974922	0.005	17742.468023911588	0.0049999999999999	0.0048069306930693	0.0085289256198347	19278.52769853253				10
0.0	92	0.0	lost	12.751496899989434	2.368015000014566	0.006	12878.313017938412	0.006	0.0060544554455445	0.0102272727272727	20329.49695150428				12
0.0	93	0.0	lost	14.48717839998426	2.783911000005901	0.007	13582.072308193225	0.0069545454545454	0.006589108910891	0.0092396694214876	21804.75772836658				14
0.0	94	0.0	lost	16.908808399981353	2.885991799994372	0.008	15514.862959005886	0.0079545454545454	0.0077722772277227	0.0098347107438016	20684.582918856955				16
0.0	95	0.0	lost	16.98194460000377	3.151633000001312	0.0105	16495.91514615674	0.0105454545454545	0.0108910891089108	0.0076776859504132	20106.67664486056				21
0.0	96	0.0	lost	16.914693300030194	3.5422487999894656	0.01	14448.86964863595	0.0099545454545454	0.0096485148514851	0.012599173553719	20455.538547006247				20
0.0	97	0.0	lost	16.37219730002107	3.2715712999925017	0.0115	18392.92687950758	0.0119545454545454	0.0121930693069306	0.0084710743801652	19199.11291568046				23
0.0	98	0.0	lost	18.09098759997869	3.3603844000026584	0.0075	34957.68124184318	0.0075	0.0077326732673267	0.0091611570247933	19383.95175667835				15
0.0	99	0.0	lost	16.205645000038203	3.681866099999752	0.009	20291.017069532485	0.0088636363636363	0.0088316831683168	0.0104586776859504	18531.054119070395				18
