vcf_diploid_index	tree_sequence_individual_id	sample_node_0	sample_node_1	gamma_smc_haplotype_0	gamma_smc_haplotype_1	focal_position_0based	focal_selected_allele_index	focal_selected_allele_count	genotype_class
0	0	0	1	0	1	1.0	1	1	heterozygous
1	1	2	3	2	3	1.0	1	0	hom_ref
2	2	4	5	4	5	1.0	1	1	heterozygous
3	3	6	7	6	7	1.0	1	0	hom_ref
4	4	8	9	8	9	1.0	1	0	hom_ref
5	5	10	11	10	11	1.0	1	0	hom_ref
6	6	12	13	12	13	1.0	1	0	hom_ref
7	7	14	15	14	15	1.0	1	0	hom_ref
8	8	16	17	16	17	1.0	1	0	hom_ref
9	9	18	19	18	19	1.0	1	0	hom_ref
10	10	20	21	20	21	1.0	1	1	heterozygous
11	11	22	23	22	23	1.0	1	0	hom_ref
12	12	24	25	24	25	1.0	1	0	hom_ref
13	13	26	27	26	27	1.0	1	0	hom_ref
14	14	28	29	28	29	1.0	1	0	hom_ref
15	15	30	31	30	31	1.0	1	0	hom_ref
16	16	32	33	32	33	1.0	1	0	hom_ref
17	17	34	35	34	35	1.0	1	0	hom_ref
18	18	36	37	36	37	1.0	1	0	hom_ref
19	19	38	39	38	39	1.0	1	0	hom_ref
20	20	40	41	40	41	1.0	1	0	hom_ref
21	21	42	43	42	43	1.0	1	1	heterozygous
22	22	44	45	44	45	1.0	1	0	hom_ref
23	23	46	47	46	47	1.0	1	0	hom_ref
24	24	48	49	48	49	1.0	1	0	hom_ref
25	25	50	51	50	51	1.0	1	1	heterozygous
26	26	52	53	52	53	1.0	1	1	heterozygous
27	27	54	55	54	55	1.0	1	2	hom_alt
28	28	56	57	56	57	1.0	1	0	hom_ref
29	29	58	59	58	59	1.0	1	0	hom_ref
30	30	60	61	60	61	1.0	1	0	hom_ref
31	31	62	63	62	63	1.0	1	0	hom_ref
32	32	64	65	64	65	1.0	1	0	hom_ref
33	33	66	67	66	67	1.0	1	0	hom_ref
34	34	68	69	68	69	1.0	1	0	hom_ref
35	35	70	71	70	71	1.0	1	0	hom_ref
36	36	72	73	72	73	1.0	1	0	hom_ref
37	37	74	75	74	75	1.0	1	0	hom_ref
38	38	76	77	76	77	1.0	1	1	heterozygous
39	39	78	79	78	79	1.0	1	0	hom_ref
40	40	80	81	80	81	1.0	1	0	hom_ref
41	41	82	83	82	83	1.0	1	0	hom_ref
42	42	84	85	84	85	1.0	1	0	hom_ref
43	43	86	87	86	87	1.0	1	0	hom_ref
44	44	88	89	88	89	1.0	1	0	hom_ref
45	45	90	91	90	91	1.0	1	1	heterozygous
46	46	92	93	92	93	1.0	1	0	hom_ref
47	47	94	95	94	95	1.0	1	0	hom_ref
48	48	96	97	96	97	1.0	1	0	hom_ref
49	49	98	99	98	99	1.0	1	0	hom_ref
50	50	100	101	100	101	1.0	1	0	hom_ref
51	51	102	103	102	103	1.0	1	0	hom_ref
52	52	104	105	104	105	1.0	1	0	hom_ref
53	53	106	107	106	107	1.0	1	0	hom_ref
54	54	108	109	108	109	1.0	1	0	hom_ref
55	55	110	111	110	111	1.0	1	0	hom_ref
56	56	112	113	112	113	1.0	1	0	hom_ref
57	57	114	115	114	115	1.0	1	0	hom_ref
58	58	116	117	116	117	1.0	1	0	hom_ref
59	59	118	119	118	119	1.0	1	1	heterozygous
60	60	120	121	120	121	1.0	1	0	hom_ref
61	61	122	123	122	123	1.0	1	0	hom_ref
62	62	124	125	124	125	1.0	1	0	hom_ref
63	63	126	127	126	127	1.0	1	1	heterozygous
64	64	128	129	128	129	1.0	1	0	hom_ref
65	65	130	131	130	131	1.0	1	0	hom_ref
66	66	132	133	132	133	1.0	1	0	hom_ref
67	67	134	135	134	135	1.0	1	1	heterozygous
68	68	136	137	136	137	1.0	1	0	hom_ref
69	69	138	139	138	139	1.0	1	0	hom_ref
70	70	140	141	140	141	1.0	1	0	hom_ref
71	71	142	143	142	143	1.0	1	1	heterozygous
72	72	144	145	144	145	1.0	1	2	hom_alt
73	73	146	147	146	147	1.0	1	0	hom_ref
74	74	148	149	148	149	1.0	1	0	hom_ref
75	75	150	151	150	151	1.0	1	0	hom_ref
76	76	152	153	152	153	1.0	1	0	hom_ref
77	77	154	155	154	155	1.0	1	0	hom_ref
78	78	156	157	156	157	1.0	1	0	hom_ref
79	79	158	159	158	159	1.0	1	0	hom_ref
80	80	160	161	160	161	1.0	1	1	heterozygous
81	81	162	163	162	163	1.0	1	0	hom_ref
82	82	164	165	164	165	1.0	1	0	hom_ref
83	83	166	167	166	167	1.0	1	0	hom_ref
84	84	168	169	168	169	1.0	1	1	heterozygous
85	85	170	171	170	171	1.0	1	0	hom_ref
86	86	172	173	172	173	1.0	1	0	hom_ref
87	87	174	175	174	175	1.0	1	0	hom_ref
88	88	176	177	176	177	1.0	1	0	hom_ref
89	89	178	179	178	179	1.0	1	0	hom_ref
90	90	180	181	180	181	1.0	1	0	hom_ref
91	91	182	183	182	183	1.0	1	0	hom_ref
92	92	184	185	184	185	1.0	1	1	heterozygous
93	93	186	187	186	187	1.0	1	0	hom_ref
94	94	188	189	188	189	1.0	1	0	hom_ref
95	95	190	191	190	191	1.0	1	0	hom_ref
96	96	192	193	192	193	1.0	1	0	hom_ref
97	97	194	195	194	195	1.0	1	0	hom_ref
98	98	196	197	196	197	1.0	1	1	heterozygous
99	99	198	199	198	199	1.0	1	0	hom_ref
