arm_id	estimator	genotype_class	conditioned_on_presence	threshold_years	n_selected	n_significant	power	median_p_value	median_observed	n_null
eas_phlash	gamma_smc_frac	overall	False	1000.0	100	0	0.0	1.0	0.0	100
eas_phlash	gamma_smc_frac	overall	False	4500.0	100	10	0.1	0.6831683168316832	0.01	100
eas_phlash	gamma_smc_frac	overall	False	10000.0	100	51	0.51	0.0297029702970297	0.12	100
eas_phlash	gamma_smc_frac	overall	False	20000.0	100	60	0.6	0.019801980198019802	0.35	100
eas_phlash	gamma_smc_frac	overall	False	30000.0	100	60	0.6	0.039603960396039604	0.5	100
eas_phlash	gamma_smc_frac	overall	False	40000.0	100	51	0.51	0.04950495049504951	0.56	100
eas_phlash	gamma_smc_frac	overall	False	50000.0	100	48	0.48	0.07920792079207921	0.58	100
eas_phlash	gamma_smc_frac	overall	False	75000.0	100	45	0.45	0.13861386138613863	0.65	100
eas_phlash	gamma_smc_frac	overall	False	100000.0	100	38	0.38	0.15346534653465346	0.725	100
eas_phlash	gamma_smc_frac	overall	False	150000.0	100	28	0.28	0.16831683168316833	0.79	100
eas_phlash	gamma_smc_frac	overall	False	200000.0	100	7	0.07	0.20297029702970298	0.825	100
eas_phlash	gamma_smc_frac	overall	True	1000.0	65	0	0.0	1.0	0.0	17
eas_phlash	gamma_smc_frac	overall	True	4500.0	65	0	0.0	0.3333333333333333	0.02	17
eas_phlash	gamma_smc_frac	overall	True	10000.0	65	0	0.0	0.05555555555555555	0.18	17
eas_phlash	gamma_smc_frac	overall	True	20000.0	65	0	0.0	0.05555555555555555	0.47	17
eas_phlash	gamma_smc_frac	overall	True	30000.0	65	0	0.0	0.05555555555555555	0.66	17
eas_phlash	gamma_smc_frac	overall	True	40000.0	65	0	0.0	0.05555555555555555	0.77	17
eas_phlash	gamma_smc_frac	overall	True	50000.0	65	0	0.0	0.05555555555555555	0.81	17
eas_phlash	gamma_smc_frac	overall	True	75000.0	65	0	0.0	0.05555555555555555	0.86	17
eas_phlash	gamma_smc_frac	overall	True	100000.0	65	0	0.0	0.05555555555555555	0.88	17
eas_phlash	gamma_smc_frac	overall	True	150000.0	65	0	0.0	0.1111111111111111	0.9	17
eas_phlash	gamma_smc_frac	overall	True	200000.0	65	0	0.0	0.1111111111111111	0.92	17
eas_phlash	gamma_smc_meanp	overall	False	1000.0	100	51	0.51	0.039603960396039604	0.021936043199999998	100
eas_phlash	gamma_smc_meanp	overall	False	4500.0	100	54	0.54	0.019801980198019802	0.10337998265000001	100
eas_phlash	gamma_smc_meanp	overall	False	10000.0	100	55	0.55	0.019801980198019802	0.22055883585	100
eas_phlash	gamma_smc_meanp	overall	False	20000.0	100	54	0.54	0.019801980198019802	0.37216336640000003	100
eas_phlash	gamma_smc_meanp	overall	False	30000.0	100	54	0.54	0.019801980198019802	0.47325765249999996	100
eas_phlash	gamma_smc_meanp	overall	False	40000.0	100	53	0.53	0.019801980198019802	0.5387812113999999	100
eas_phlash	gamma_smc_meanp	overall	False	50000.0	100	52	0.52	0.0297029702970297	0.5780555725000001	100
eas_phlash	gamma_smc_meanp	overall	False	75000.0	100	48	0.48	0.11386138613861385	0.63564686535	100
eas_phlash	gamma_smc_meanp	overall	False	100000.0	100	48	0.48	0.12871287128712872	0.6954532808	100
eas_phlash	gamma_smc_meanp	overall	False	150000.0	100	43	0.43	0.12871287128712872	0.782872684	100
eas_phlash	gamma_smc_meanp	overall	False	200000.0	100	41	0.41	0.16336633663366337	0.8192060131000001	100
eas_phlash	gamma_smc_meanp	overall	True	1000.0	65	0	0.0	0.05555555555555555	0.02991435163	17
eas_phlash	gamma_smc_meanp	overall	True	4500.0	65	0	0.0	0.05555555555555555	0.1366147232	17
eas_phlash	gamma_smc_meanp	overall	True	10000.0	65	0	0.0	0.05555555555555555	0.2808363998	17
eas_phlash	gamma_smc_meanp	overall	True	20000.0	65	0	0.0	0.05555555555555555	0.4692051172	17
eas_phlash	gamma_smc_meanp	overall	True	30000.0	65	0	0.0	0.05555555555555555	0.5849752307	17
eas_phlash	gamma_smc_meanp	overall	True	40000.0	65	0	0.0	0.05555555555555555	0.6639808416	17
eas_phlash	gamma_smc_meanp	overall	True	50000.0	65	0	0.0	0.05555555555555555	0.7221313953	17
eas_phlash	gamma_smc_meanp	overall	True	75000.0	65	0	0.0	0.05555555555555555	0.8102710485	17
eas_phlash	gamma_smc_meanp	overall	True	100000.0	65	0	0.0	0.05555555555555555	0.8524465156	17
eas_phlash	gamma_smc_meanp	overall	True	150000.0	65	0	0.0	0.05555555555555555	0.8907175732	17
eas_phlash	gamma_smc_meanp	overall	True	200000.0	65	0	0.0	0.1111111111111111	0.9059018731	17
eas_phlash	tree_truth	any_carrier	False	1000.0	65	0	0.0	1.0	0.0	17
eas_phlash	tree_truth	any_carrier	False	4500.0	65	0	0.0	1.0	0.0	17
eas_phlash	tree_truth	any_carrier	False	10000.0	65	0	0.0	0.05555555555555555	0.01	17
eas_phlash	tree_truth	any_carrier	False	20000.0	65	0	0.0	0.16666666666666666	0.09	17
eas_phlash	tree_truth	any_carrier	False	30000.0	65	0	0.0	0.05555555555555555	0.37373737373737376	17
eas_phlash	tree_truth	any_carrier	False	40000.0	65	0	0.0	0.05555555555555555	0.826530612244898	17
eas_phlash	tree_truth	any_carrier	False	50000.0	65	0	0.0	0.05555555555555555	0.8282828282828283	17
eas_phlash	tree_truth	any_carrier	False	75000.0	65	0	0.0	0.05555555555555555	0.87	17
eas_phlash	tree_truth	any_carrier	False	100000.0	65	0	0.0	0.1111111111111111	0.88	17
eas_phlash	tree_truth	any_carrier	False	150000.0	65	0	0.0	0.16666666666666666	0.8979591836734694	17
eas_phlash	tree_truth	any_carrier	False	200000.0	65	0	0.0	0.16666666666666666	0.91	17
eas_phlash	tree_truth	any_carrier	True	1000.0	65	0	0.0	1.0	0.0	17
eas_phlash	tree_truth	any_carrier	True	4500.0	65	0	0.0	1.0	0.0	17
eas_phlash	tree_truth	any_carrier	True	10000.0	65	0	0.0	0.05555555555555555	0.01	17
eas_phlash	tree_truth	any_carrier	True	20000.0	65	0	0.0	0.16666666666666666	0.09	17
eas_phlash	tree_truth	any_carrier	True	30000.0	65	0	0.0	0.05555555555555555	0.37373737373737376	17
eas_phlash	tree_truth	any_carrier	True	40000.0	65	0	0.0	0.05555555555555555	0.826530612244898	17
eas_phlash	tree_truth	any_carrier	True	50000.0	65	0	0.0	0.05555555555555555	0.8282828282828283	17
eas_phlash	tree_truth	any_carrier	True	75000.0	65	0	0.0	0.05555555555555555	0.87	17
eas_phlash	tree_truth	any_carrier	True	100000.0	65	0	0.0	0.1111111111111111	0.88	17
eas_phlash	tree_truth	any_carrier	True	150000.0	65	0	0.0	0.16666666666666666	0.8979591836734694	17
eas_phlash	tree_truth	any_carrier	True	200000.0	65	0	0.0	0.16666666666666666	0.91	17
eas_phlash	tree_truth	het	False	1000.0	60	0	0.0	1.0	0.0	17
eas_phlash	tree_truth	het	False	4500.0	60	0	0.0	1.0	0.0	17
eas_phlash	tree_truth	het	False	10000.0	60	0	0.0	1.0	0.0	17
eas_phlash	tree_truth	het	False	20000.0	60	0	0.0	1.0	0.0	17
eas_phlash	tree_truth	het	False	30000.0	60	0	0.0	1.0	0.0	17
eas_phlash	tree_truth	het	False	40000.0	60	0	0.0	1.0	0.0	17
eas_phlash	tree_truth	het	False	50000.0	60	0	0.0	1.0	0.0	17
eas_phlash	tree_truth	het	False	75000.0	60	0	0.0	0.5555555555555556	0.05718954248366013	17
eas_phlash	tree_truth	het	False	100000.0	60	0	0.0	0.5555555555555556	0.10555555555555556	17
eas_phlash	tree_truth	het	False	150000.0	60	0	0.0	0.5833333333333334	0.17424242424242425	17
eas_phlash	tree_truth	het	False	200000.0	60	0	0.0	0.5277777777777778	0.2840501792114696	17
eas_phlash	tree_truth	het	True	1000.0	60	0	0.0	1.0	0.0	17
eas_phlash	tree_truth	het	True	4500.0	60	0	0.0	1.0	0.0	17
eas_phlash	tree_truth	het	True	10000.0	60	0	0.0	1.0	0.0	17
eas_phlash	tree_truth	het	True	20000.0	60	0	0.0	1.0	0.0	17
eas_phlash	tree_truth	het	True	30000.0	60	0	0.0	1.0	0.0	17
eas_phlash	tree_truth	het	True	40000.0	60	0	0.0	1.0	0.0	17
eas_phlash	tree_truth	het	True	50000.0	60	0	0.0	1.0	0.0	17
eas_phlash	tree_truth	het	True	75000.0	60	0	0.0	0.5555555555555556	0.05718954248366013	17
eas_phlash	tree_truth	het	True	100000.0	60	0	0.0	0.5555555555555556	0.10555555555555556	17
eas_phlash	tree_truth	het	True	150000.0	60	0	0.0	0.5833333333333334	0.17424242424242425	17
eas_phlash	tree_truth	het	True	200000.0	60	0	0.0	0.5277777777777778	0.2840501792114696	17
eas_phlash	tree_truth	hom_carrier	False	1000.0	65	0	0.0	1.0	0.0	5
eas_phlash	tree_truth	hom_carrier	False	4500.0	65	0	0.0	1.0	0.0	5
eas_phlash	tree_truth	hom_carrier	False	10000.0	65	0	0.0	0.16666666666666666	0.010309278350515464	5
eas_phlash	tree_truth	hom_carrier	False	20000.0	65	0	0.0	0.6666666666666666	0.10227272727272728	5
eas_phlash	tree_truth	hom_carrier	False	30000.0	65	0	0.0	0.8333333333333334	0.45121951219512196	5
eas_phlash	tree_truth	hom_carrier	False	40000.0	65	0	0.0	1.0	1.0	5
eas_phlash	tree_truth	hom_carrier	False	50000.0	65	0	0.0	1.0	1.0	5
eas_phlash	tree_truth	hom_carrier	False	75000.0	65	0	0.0	1.0	1.0	5
eas_phlash	tree_truth	hom_carrier	False	100000.0	65	0	0.0	1.0	1.0	5
eas_phlash	tree_truth	hom_carrier	False	150000.0	65	0	0.0	1.0	1.0	5
eas_phlash	tree_truth	hom_carrier	False	200000.0	65	0	0.0	1.0	1.0	5
eas_phlash	tree_truth	hom_carrier	True	1000.0	65	0	0.0	1.0	0.0	5
eas_phlash	tree_truth	hom_carrier	True	4500.0	65	0	0.0	1.0	0.0	5
eas_phlash	tree_truth	hom_carrier	True	10000.0	65	0	0.0	0.16666666666666666	0.010309278350515464	5
eas_phlash	tree_truth	hom_carrier	True	20000.0	65	0	0.0	0.6666666666666666	0.10227272727272728	5
eas_phlash	tree_truth	hom_carrier	True	30000.0	65	0	0.0	0.8333333333333334	0.45121951219512196	5
eas_phlash	tree_truth	hom_carrier	True	40000.0	65	0	0.0	1.0	1.0	5
eas_phlash	tree_truth	hom_carrier	True	50000.0	65	0	0.0	1.0	1.0	5
eas_phlash	tree_truth	hom_carrier	True	75000.0	65	0	0.0	1.0	1.0	5
eas_phlash	tree_truth	hom_carrier	True	100000.0	65	0	0.0	1.0	1.0	5
eas_phlash	tree_truth	hom_carrier	True	150000.0	65	0	0.0	1.0	1.0	5
eas_phlash	tree_truth	hom_carrier	True	200000.0	65	0	0.0	1.0	1.0	5
eas_phlash	tree_truth	hom_noncarrier	False	1000.0	59	1	0.01694915254237288	1.0	0.0	100
eas_phlash	tree_truth	hom_noncarrier	False	4500.0	59	1	0.01694915254237288	1.0	0.0	100
eas_phlash	tree_truth	hom_noncarrier	False	10000.0	59	4	0.06779661016949153	1.0	0.0	100
eas_phlash	tree_truth	hom_noncarrier	False	20000.0	59	9	0.15254237288135594	0.8316831683168316	0.03	100
eas_phlash	tree_truth	hom_noncarrier	False	30000.0	59	8	0.13559322033898305	0.4752475247524752	0.1	100
eas_phlash	tree_truth	hom_noncarrier	False	40000.0	59	6	0.1016949152542373	0.5742574257425742	0.13333333333333333	100
eas_phlash	tree_truth	hom_noncarrier	False	50000.0	59	6	0.1016949152542373	0.6138613861386139	0.18	100
eas_phlash	tree_truth	hom_noncarrier	False	75000.0	59	7	0.11864406779661017	0.6336633663366337	0.26	100
eas_phlash	tree_truth	hom_noncarrier	False	100000.0	59	4	0.06779661016949153	0.6237623762376238	0.3	100
eas_phlash	tree_truth	hom_noncarrier	False	150000.0	59	5	0.0847457627118644	0.46534653465346537	0.42	100
eas_phlash	tree_truth	hom_noncarrier	False	200000.0	59	5	0.0847457627118644	0.5346534653465347	0.44	100
eas_phlash	tree_truth	hom_noncarrier	True	1000.0	24	0	0.0	1.0	0.0	17
eas_phlash	tree_truth	hom_noncarrier	True	4500.0	24	0	0.0	1.0	0.0	17
eas_phlash	tree_truth	hom_noncarrier	True	10000.0	24	0	0.0	1.0	0.0	17
eas_phlash	tree_truth	hom_noncarrier	True	20000.0	24	0	0.0	1.0	0.0	17
eas_phlash	tree_truth	hom_noncarrier	True	30000.0	24	0	0.0	1.0	0.0	17
eas_phlash	tree_truth	hom_noncarrier	True	40000.0	24	0	0.0	1.0	0.0	17
eas_phlash	tree_truth	hom_noncarrier	True	50000.0	24	0	0.0	1.0	0.0	17
eas_phlash	tree_truth	hom_noncarrier	True	75000.0	24	0	0.0	1.0	0.0	17
eas_phlash	tree_truth	hom_noncarrier	True	100000.0	24	0	0.0	1.0	0.0	17
eas_phlash	tree_truth	hom_noncarrier	True	150000.0	24	0	0.0	0.8055555555555556	0.26666666666666666	17
eas_phlash	tree_truth	hom_noncarrier	True	200000.0	24	0	0.0	0.6388888888888888	0.41428571428571426	17
eas_phlash	tree_truth	overall	False	1000.0	100	0	0.0	1.0	0.0	100
eas_phlash	tree_truth	overall	False	4500.0	100	0	0.0	1.0	0.0	100
eas_phlash	tree_truth	overall	False	10000.0	100	3	0.03	0.5544554455445545	0.01	100
eas_phlash	tree_truth	overall	False	20000.0	100	32	0.32	0.26732673267326734	0.06	100
eas_phlash	tree_truth	overall	False	30000.0	100	61	0.61	0.009900990099009901	0.255	100
eas_phlash	tree_truth	overall	False	40000.0	100	67	0.67	0.009900990099009901	0.555	100
eas_phlash	tree_truth	overall	False	50000.0	100	65	0.65	0.009900990099009901	0.5700000000000001	100
eas_phlash	tree_truth	overall	False	75000.0	100	55	0.55	0.039603960396039604	0.58	100
eas_phlash	tree_truth	overall	False	100000.0	100	46	0.46	0.0891089108910891	0.61	100
eas_phlash	tree_truth	overall	False	150000.0	100	21	0.21	0.1188118811881188	0.665	100
eas_phlash	tree_truth	overall	False	200000.0	100	18	0.18	0.20792079207920794	0.665	100
eas_phlash	tree_truth	overall	True	1000.0	65	0	0.0	1.0	0.0	17
eas_phlash	tree_truth	overall	True	4500.0	65	0	0.0	1.0	0.0	17
eas_phlash	tree_truth	overall	True	10000.0	65	0	0.0	0.6111111111111112	0.01	17
eas_phlash	tree_truth	overall	True	20000.0	65	0	0.0	0.16666666666666666	0.09	17
eas_phlash	tree_truth	overall	True	30000.0	65	0	0.0	0.05555555555555555	0.37	17
eas_phlash	tree_truth	overall	True	40000.0	65	0	0.0	0.05555555555555555	0.82	17
eas_phlash	tree_truth	overall	True	50000.0	65	0	0.0	0.05555555555555555	0.82	17
eas_phlash	tree_truth	overall	True	75000.0	65	0	0.0	0.05555555555555555	0.87	17
eas_phlash	tree_truth	overall	True	100000.0	65	0	0.0	0.05555555555555555	0.88	17
eas_phlash	tree_truth	overall	True	150000.0	65	0	0.0	0.16666666666666666	0.89	17
eas_phlash	tree_truth	overall	True	200000.0	65	0	0.0	0.16666666666666666	0.9	17
