vcf_diploid_index	tree_sequence_individual_id	sample_node_0	sample_node_1	gamma_smc_haplotype_0	gamma_smc_haplotype_1	focal_position_0based	focal_selected_allele_index	focal_selected_allele_count	genotype_class
0	0	0	1	0	1	5000000.0	1	2	hom_alt
1	1	2	3	2	3	5000000.0	1	1	heterozygous
2	2	4	5	4	5	5000000.0	1	1	heterozygous
3	3	6	7	6	7	5000000.0	1	2	hom_alt
4	4	8	9	8	9	5000000.0	1	1	heterozygous
5	5	10	11	10	11	5000000.0	1	0	hom_ref
6	6	12	13	12	13	5000000.0	1	0	hom_ref
7	7	14	15	14	15	5000000.0	1	1	heterozygous
8	8	16	17	16	17	5000000.0	1	1	heterozygous
9	9	18	19	18	19	5000000.0	1	0	hom_ref
10	10	20	21	20	21	5000000.0	1	1	heterozygous
11	11	22	23	22	23	5000000.0	1	2	hom_alt
12	12	24	25	24	25	5000000.0	1	2	hom_alt
13	13	26	27	26	27	5000000.0	1	0	hom_ref
14	14	28	29	28	29	5000000.0	1	2	hom_alt
15	15	30	31	30	31	5000000.0	1	1	heterozygous
16	16	32	33	32	33	5000000.0	1	2	hom_alt
17	17	34	35	34	35	5000000.0	1	2	hom_alt
18	18	36	37	36	37	5000000.0	1	2	hom_alt
19	19	38	39	38	39	5000000.0	1	2	hom_alt
20	20	40	41	40	41	5000000.0	1	1	heterozygous
21	21	42	43	42	43	5000000.0	1	1	heterozygous
22	22	44	45	44	45	5000000.0	1	1	heterozygous
23	23	46	47	46	47	5000000.0	1	2	hom_alt
24	24	48	49	48	49	5000000.0	1	0	hom_ref
25	25	50	51	50	51	5000000.0	1	1	heterozygous
26	26	52	53	52	53	5000000.0	1	2	hom_alt
27	27	54	55	54	55	5000000.0	1	1	heterozygous
28	28	56	57	56	57	5000000.0	1	1	heterozygous
29	29	58	59	58	59	5000000.0	1	2	hom_alt
30	30	60	61	60	61	5000000.0	1	2	hom_alt
31	31	62	63	62	63	5000000.0	1	1	heterozygous
32	32	64	65	64	65	5000000.0	1	1	heterozygous
33	33	66	67	66	67	5000000.0	1	1	heterozygous
34	34	68	69	68	69	5000000.0	1	2	hom_alt
35	35	70	71	70	71	5000000.0	1	2	hom_alt
36	36	72	73	72	73	5000000.0	1	1	heterozygous
37	37	74	75	74	75	5000000.0	1	1	heterozygous
38	38	76	77	76	77	5000000.0	1	2	hom_alt
39	39	78	79	78	79	5000000.0	1	2	hom_alt
40	40	80	81	80	81	5000000.0	1	1	heterozygous
41	41	82	83	82	83	5000000.0	1	1	heterozygous
42	42	84	85	84	85	5000000.0	1	1	heterozygous
43	43	86	87	86	87	5000000.0	1	2	hom_alt
44	44	88	89	88	89	5000000.0	1	1	heterozygous
45	45	90	91	90	91	5000000.0	1	2	hom_alt
46	46	92	93	92	93	5000000.0	1	2	hom_alt
47	47	94	95	94	95	5000000.0	1	1	heterozygous
48	48	96	97	96	97	5000000.0	1	2	hom_alt
49	49	98	99	98	99	5000000.0	1	2	hom_alt
50	50	100	101	100	101	5000000.0	1	2	hom_alt
51	51	102	103	102	103	5000000.0	1	0	hom_ref
52	52	104	105	104	105	5000000.0	1	0	hom_ref
53	53	106	107	106	107	5000000.0	1	2	hom_alt
54	54	108	109	108	109	5000000.0	1	0	hom_ref
55	55	110	111	110	111	5000000.0	1	2	hom_alt
56	56	112	113	112	113	5000000.0	1	2	hom_alt
57	57	114	115	114	115	5000000.0	1	1	heterozygous
58	58	116	117	116	117	5000000.0	1	1	heterozygous
59	59	118	119	118	119	5000000.0	1	1	heterozygous
60	60	120	121	120	121	5000000.0	1	1	heterozygous
61	61	122	123	122	123	5000000.0	1	1	heterozygous
62	62	124	125	124	125	5000000.0	1	2	hom_alt
63	63	126	127	126	127	5000000.0	1	2	hom_alt
64	64	128	129	128	129	5000000.0	1	1	heterozygous
65	65	130	131	130	131	5000000.0	1	2	hom_alt
66	66	132	133	132	133	5000000.0	1	2	hom_alt
67	67	134	135	134	135	5000000.0	1	1	heterozygous
68	68	136	137	136	137	5000000.0	1	2	hom_alt
69	69	138	139	138	139	5000000.0	1	2	hom_alt
70	70	140	141	140	141	5000000.0	1	2	hom_alt
71	71	142	143	142	143	5000000.0	1	2	hom_alt
72	72	144	145	144	145	5000000.0	1	2	hom_alt
73	73	146	147	146	147	5000000.0	1	2	hom_alt
74	74	148	149	148	149	5000000.0	1	2	hom_alt
75	75	150	151	150	151	5000000.0	1	1	heterozygous
76	76	152	153	152	153	5000000.0	1	1	heterozygous
77	77	154	155	154	155	5000000.0	1	2	hom_alt
78	78	156	157	156	157	5000000.0	1	1	heterozygous
79	79	158	159	158	159	5000000.0	1	2	hom_alt
80	80	160	161	160	161	5000000.0	1	1	heterozygous
81	81	162	163	162	163	5000000.0	1	1	heterozygous
82	82	164	165	164	165	5000000.0	1	1	heterozygous
83	83	166	167	166	167	5000000.0	1	1	heterozygous
84	84	168	169	168	169	5000000.0	1	2	hom_alt
85	85	170	171	170	171	5000000.0	1	2	hom_alt
86	86	172	173	172	173	5000000.0	1	1	heterozygous
87	87	174	175	174	175	5000000.0	1	2	hom_alt
88	88	176	177	176	177	5000000.0	1	1	heterozygous
89	89	178	179	178	179	5000000.0	1	2	hom_alt
90	90	180	181	180	181	5000000.0	1	2	hom_alt
91	91	182	183	182	183	5000000.0	1	2	hom_alt
92	92	184	185	184	185	5000000.0	1	1	heterozygous
93	93	186	187	186	187	5000000.0	1	0	hom_ref
94	94	188	189	188	189	5000000.0	1	2	hom_alt
95	95	190	191	190	191	5000000.0	1	1	heterozygous
96	96	192	193	192	193	5000000.0	1	1	heterozygous
97	97	194	195	194	195	5000000.0	1	2	hom_alt
98	98	196	197	196	197	5000000.0	1	1	heterozygous
99	99	198	199	198	199	5000000.0	1	1	heterozygous
