base_specification_id	selection_coefficient	target_allele_frequency	source	metric	expected_sweep_sign	target_replicates	accepted_replicates	decoded_replicates	n_observed_replicates	mean	median	sample_sd	q25	q75	iqr	bootstrap_mean_ci95_low	bootstrap_mean_ci95_high	bootstrap_draws	bootstrap_seed	expected_sign_count	expected_sign_rate	expected_sign_wilson95_low	expected_sign_wilson95_high	conditioning_missingness
intro_s0p010_af10	0.01	0.1	tree_truth	alt_minus_ref_normalized_cdf_auc	positive	10	3	3	3	0.2569185796269728	0.3818292682926829	0.5118772182324149	0.037988163558106136	0.5383043400286944	0.5003161764705883	-0.30585294117647055	0.6947794117647059	5000	1882843229	2	0.6666666666666666	0.2076596008020477	0.9385080552796037	nonrandom
intro_s0p010_af10	0.01	0.1	tree_truth	alt_minus_ref_mean_tmrca_generations	negative	10	3	3	3	-32609.428833298032	-37499.016360377034	19594.884874856714	-43397.76089700587	-24265.890533129692	19131.87036387618	-49296.50543363471	-11032.764705882355	5000	1026215553	3	1.0	0.4385029682449546	1.0	nonrandom
intro_s0p010_af10	0.01	0.1	gamma_smc	alt_minus_ref_normalized_cdf_auc	positive	10	3	3	3	0.4579960440097759	0.5783465157928779	0.2700062727120471	0.3635443004467889	0.612623023464314	0.24907872301752504	0.14874208510069997	0.6468995311357499	5000	2083079145	3	1.0	0.4385029682449546	1.0	nonrandom
intro_s0p010_af10	0.01	0.1	gamma_smc	alt_minus_ref_mean_tmrca_generations	negative	10	3	3	3	-27523.448155066668	-33905.8325612	12819.204347114615	-34902.2284371	-23335.860076099998	11566.368361	-35898.624313	-12765.887591	5000	665595813	3	1.0	0.4385029682449546	1.0	nonrandom
intro_s0p010_af20	0.01	0.2	tree_truth	alt_minus_ref_normalized_cdf_auc	positive	10	3	3	3	0.07567402598115053	0.008536585365853722	0.33645378263900994	-0.10680626872058191	0.22458560037523456	0.33139186909581647	-0.2221491228070175	0.4406346153846154	5000	893700255	2	0.6666666666666666	0.2076596008020477	0.9385080552796037	nonrandom
intro_s0p010_af20	0.01	0.2	tree_truth	alt_minus_ref_mean_tmrca_generations	negative	10	3	3	3	-13930.714004614116	-9863.795307988808	16430.279612599556	-20938.154340254507	-4889.81432066107	16048.340019593437	-32012.513372520207	84.16666666666674	5000	1803876581	2	0.6666666666666666	0.2076596008020477	0.9385080552796037	nonrandom
intro_s0p010_af20	0.01	0.2	gamma_smc	alt_minus_ref_normalized_cdf_auc	positive	10	3	3	3	0.05029086945273337	-0.07310177193434997	0.23541813344204277	-0.08544102365557496	0.12432644186750003	0.209767465523075	-0.09778027537679995	0.32175465566935	5000	1430119144	1	0.3333333333333333	0.06149194472039621	0.7923403991979522	nonrandom
intro_s0p010_af20	0.01	0.2	gamma_smc	alt_minus_ref_mean_tmrca_generations	negative	10	3	3	3	-10924.073059666667	-15082.356657999999	9311.655388970985	-16257.198262499998	-7670.089656	8587.108606499998	-17432.039867	-257.82265400000006	5000	381452001	3	1.0	0.4385029682449546	1.0	nonrandom
intro_s0p010_af30	0.01	0.3	tree_truth	alt_minus_ref_normalized_cdf_auc	positive	10	5	5	5	0.3295540245823828	0.34298507462686567	0.2073838221225026	0.1444242424242424	0.43469230769230766	0.29026806526806526	0.1717769683053265	0.5044797441364606	5000	2003497192	5	1.0	0.5655175352168251	1.0	nonrandom
intro_s0p010_af30	0.01	0.3	tree_truth	alt_minus_ref_mean_tmrca_generations	negative	10	5	5	5	-13797.643119232573	-5112.948717948718	14612.321720366386	-28233.14468989863	-2996.0	25237.14468989863	-24947.606728580973	-2811.5867585151163	5000	2094588470	5	1.0	0.5655175352168251	1.0	nonrandom
intro_s0p010_af30	0.01	0.3	gamma_smc	alt_minus_ref_normalized_cdf_auc	positive	10	5	5	5	0.2081931912581921	0.09476033783486507	0.21210823195154246	0.07074557357635	0.37915925874095	0.3084136851646	0.05026984066921303	0.38323212263918716	5000	186604630	5	1.0	0.5655175352168251	1.0	nonrandom
intro_s0p010_af30	0.01	0.3	gamma_smc	alt_minus_ref_mean_tmrca_generations	negative	10	5	5	5	-12800.0472786	-9441.594025	12881.709802343774	-23664.998412	-5282.333119999999	18382.665292	-22747.7740726	-2940.2378765999997	5000	1634619198	4	0.8	0.37553462976252533	0.9637758913675698	nonrandom
intro_s0p010_af40	0.01	0.4	tree_truth	alt_minus_ref_normalized_cdf_auc	positive	10	4	4	4	0.21479067830490403	0.37676439232409376	0.3745385332671342	0.14978348214285714	0.4417715884861407	0.29198810634328354	-0.14441021455223882	0.4428715351812367	5000	2104725939	3	0.75	0.30064184258240184	0.9544127391902995	nonrandom
intro_s0p010_af40	0.01	0.4	tree_truth	alt_minus_ref_mean_tmrca_generations	negative	10	4	4	4	-17615.01447076658	-20502.842617742048	13010.593113509856	-23988.102451060568	-14129.754637448059	9858.347813612509	-27305.489364836016	-5036.711429721671	5000	213447520	3	0.75	0.30064184258240184	0.9544127391902995	nonrandom
intro_s0p010_af40	0.01	0.4	gamma_smc	alt_minus_ref_normalized_cdf_auc	positive	10	4	4	4	0.18161060102906879	0.22086130451738523	0.21745585184336086	0.12767659387319996	0.27479531167325405	0.1471187178000541	-0.030355218622707465	0.3543257171925286	5000	402095972	3	0.75	0.30064184258240184	0.9544127391902995	nonrandom
intro_s0p010_af40	0.01	0.4	gamma_smc	alt_minus_ref_mean_tmrca_generations	negative	10	4	4	4	-12702.525735250001	-13437.277869999998	3064.0577820206086	-14916.101397249999	-11223.702207999999	3692.39918925	-15048.3599145	-10162.963409	5000	78894634	4	1.0	0.5101091635454027	1.0	nonrandom
intro_s0p010_af50	0.01	0.5	tree_truth	alt_minus_ref_normalized_cdf_auc	positive	10	1	1	1	0.5172445820433437	0.5172445820433437		0.5172445820433437	0.5172445820433437	0.0	0.5172445820433437	0.5172445820433437	5000	1515414589	1	1.0	0.20654931437723745	1.0	nonrandom
intro_s0p010_af50	0.01	0.5	tree_truth	alt_minus_ref_mean_tmrca_generations	negative	10	1	1	1	-6776.0526315789475	-6776.0526315789475		-6776.0526315789475	-6776.0526315789475	0.0	-6776.0526315789475	-6776.0526315789475	5000	1553303990	1	1.0	0.20654931437723745	1.0	nonrandom
intro_s0p010_af50	0.01	0.5	gamma_smc	alt_minus_ref_normalized_cdf_auc	positive	10	1	1	1	0.1616096214485	0.1616096214485		0.1616096214485	0.1616096214485	0.0	0.1616096214485	0.1616096214485	5000	1073066009	1	1.0	0.20654931437723745	1.0	nonrandom
intro_s0p010_af50	0.01	0.5	gamma_smc	alt_minus_ref_mean_tmrca_generations	negative	10	1	1	1	-8600.622702	-8600.622702		-8600.622702	-8600.622702	0.0	-8600.622702	-8600.622702	5000	1131232323	1	1.0	0.20654931437723745	1.0	nonrandom
intro_s0p010_af60	0.01	0.6	tree_truth	alt_minus_ref_normalized_cdf_auc	positive	10	3	3	3	0.4083974058446633	0.4412962962962963	0.06119967006413593	0.3895405532114393	0.4437037037037037	0.05416315049226439	0.3377848101265823	0.44611111111111107	5000	942905178	3	1.0	0.4385029682449546	1.0	nonrandom
intro_s0p010_af60	0.01	0.6	tree_truth	alt_minus_ref_mean_tmrca_generations	negative	10	3	3	3	-9420.789839656894	-10176.056156969516	6783.898155918314	-12985.75266071991	-6233.46017725019	6752.2924834697205	-15795.449164470303	-2290.864197530864	5000	766947955	3	1.0	0.4385029682449546	1.0	nonrandom
intro_s0p010_af60	0.01	0.6	gamma_smc	alt_minus_ref_normalized_cdf_auc	positive	10	3	3	3	0.35710643455291907	0.36130344242070445	0.012844416236104154	0.3519959813287745	0.3643153917109562	0.012319410382181706	0.3426885202368446	0.36732734100120795	5000	1799357385	3	1.0	0.4385029682449546	1.0	nonrandom
intro_s0p010_af60	0.01	0.6	gamma_smc	alt_minus_ref_mean_tmrca_generations	negative	10	3	3	3	-12119.244652666668	-11949.501476000001	3241.130564492656	-13695.706460000001	-10457.911257	3237.7952030000015	-15441.911444000003	-8966.321038	5000	1540586154	3	1.0	0.4385029682449546	1.0	nonrandom
intro_s0p010_af70	0.01	0.7	tree_truth	alt_minus_ref_normalized_cdf_auc	positive	10	2	2	2	-0.05171892655367227	-0.05171892655367227	0.8915877444352649	-0.36694279661016943	0.2635049435028249	0.6304477401129943	-0.6821666666666666	0.578728813559322	5000	1581203198	1	0.5	0.09453120573423074	0.9054687942657693	nonrandom
intro_s0p010_af70	0.01	0.7	tree_truth	alt_minus_ref_mean_tmrca_generations	negative	10	2	2	2	-36191.467021368546	-36191.467021368546	53262.143114687766	-55022.4783098306	-17360.4557329065	37662.0225769241	-73853.48959829265	1470.5555555555557	5000	1324937187	1	0.5	0.09453120573423074	0.9054687942657693	nonrandom
intro_s0p010_af70	0.01	0.7	gamma_smc	alt_minus_ref_normalized_cdf_auc	positive	10	2	2	2	0.0408874706236074	0.0408874706236074	0.6716149217290764	-0.19656426212674377	0.27833920337395857	0.47490346550070234	-0.4340159948770949	0.5157909361243097	5000	1238973639	1	0.5	0.09453120573423074	0.9054687942657693	nonrandom
intro_s0p010_af70	0.01	0.7	gamma_smc	alt_minus_ref_mean_tmrca_generations	negative	10	2	2	2	-16753.693311	-16753.693311	31702.956165097068	-27962.380955	-5545.005666999999	22417.375288000003	-39171.068599	5663.681977	5000	1941667803	1	0.5	0.09453120573423074	0.9054687942657693	nonrandom
intro_s0p010_af80	0.01	0.8	tree_truth	alt_minus_ref_normalized_cdf_auc	positive	10	2	2	2	0.04403333333333331	0.04403333333333331	0.16753716668913265	-0.015200000000000019	0.10326666666666665	0.11846666666666666	-0.07443333333333335	0.16249999999999998	5000	642192041	1	0.5	0.09453120573423074	0.9054687942657693	nonrandom
intro_s0p010_af80	0.01	0.8	tree_truth	alt_minus_ref_mean_tmrca_generations	negative	10	2	2	2	-25345.69499199564	-25345.69499199564	35816.978424150344	-38008.90915466013	-12682.48082933115	25326.428325328976	-50672.12331732461	-19.26666666666688	5000	1627289448	2	1.0	0.34238022750665303	1.0	nonrandom
intro_s0p010_af80	0.01	0.8	gamma_smc	alt_minus_ref_normalized_cdf_auc	positive	10	2	2	2	0.052397163917606765	0.052397163917606765	0.223968480427606	-0.02678765172359661	0.13158197955881012	0.15836963128240672	-0.10597246736479998	0.2107667952000135	5000	2001210832	1	0.5	0.09453120573423074	0.9054687942657693	nonrandom
intro_s0p010_af80	0.01	0.8	gamma_smc	alt_minus_ref_mean_tmrca_generations	negative	10	2	2	2	-12336.2148945	-12336.2148945	6169.356470008343	-14517.41179225	-10155.01799675	4362.3937955	-16698.60869	-7973.821099	5000	626542521	2	1.0	0.34238022750665303	1.0	nonrandom
intro_s0p010_af90	0.01	0.9	tree_truth	alt_minus_ref_normalized_cdf_auc	positive	10	0	0	0									5000	1248118882	0				nonrandom
intro_s0p010_af90	0.01	0.9	tree_truth	alt_minus_ref_mean_tmrca_generations	negative	10	0	0	0									5000	736453652	0				nonrandom
intro_s0p010_af90	0.01	0.9	gamma_smc	alt_minus_ref_normalized_cdf_auc	positive	10	0	0	0									5000	50263604	0				nonrandom
intro_s0p010_af90	0.01	0.9	gamma_smc	alt_minus_ref_mean_tmrca_generations	negative	10	0	0	0									5000	1105163377	0				nonrandom
intro_s0p005_af10	0.005	0.1	tree_truth	alt_minus_ref_normalized_cdf_auc	positive	10	10	10	10	0.013745496655820972	0.05760833333333335	0.22888259942173206	-0.14930311561561563	0.17363050150189369	0.32293361711750934	-0.12213323499803595	0.1430731878146579	5000	1895684306	5	0.5	0.236593090512564	0.7634069094874361	nonrandom
intro_s0p005_af10	0.005	0.1	tree_truth	alt_minus_ref_mean_tmrca_generations	negative	10	10	10	10	-29530.584555202782	-15187.425005321005	36706.228973291676	-22317.172011454797	-10866.030299536906	11451.141711917891	-53267.397578319426	-10896.628288138823	5000	183367983	10	1.0	0.7224672001371107	0.9999999999999999	nonrandom
intro_s0p005_af10	0.005	0.1	gamma_smc	alt_minus_ref_normalized_cdf_auc	positive	10	10	10	10	0.0666313800603143	0.11792626287108998	0.21606758832146478	-0.00989776156877873	0.15468675113671027	0.164584512705489	-0.06675288784686122	0.1803618875504355	5000	357514598	7	0.7	0.39677814746114537	0.8922087325936989	nonrandom
intro_s0p005_af10	0.005	0.1	gamma_smc	alt_minus_ref_mean_tmrca_generations	negative	10	10	10	10	-15221.4877131	-15736.051068	11907.225153562438	-21921.982446	-9809.08272875	12112.899717250002	-22415.9350201075	-7925.212624827502	5000	802569601	9	0.9	0.5958499732047615	0.9821237869049271	nonrandom
intro_s0p005_af20	0.005	0.2	tree_truth	alt_minus_ref_normalized_cdf_auc	positive	10	10	10	10	0.13001199991171913	0.196061872909699	0.2695457066539946	0.13589508083935328	0.22954152846876727	0.09364644762941399	-0.052982072994854315	0.2582904925936643	5000	751610844	9	0.9	0.5958499732047615	0.9821237869049271	nonrandom
intro_s0p005_af20	0.005	0.2	tree_truth	alt_minus_ref_mean_tmrca_generations	negative	10	10	10	10	-27227.478749433143	-23356.811782063873	19620.897528623012	-33231.63183207132	-16734.9976858089	16496.63414626242	-39621.037326693026	-16829.499539188102	5000	89013895	9	0.9	0.5958499732047615	0.9821237869049271	nonrandom
intro_s0p005_af20	0.005	0.2	gamma_smc	alt_minus_ref_normalized_cdf_auc	positive	10	10	10	10	0.14825453840187652	0.2716122815440878	0.28644025565862036	0.110937774300638	0.3126120438331288	0.2016742695324908	-0.04000393224207684	0.2831990948892116	5000	60386531	8	0.8	0.49016247153664183	0.9433178485456247	nonrandom
intro_s0p005_af20	0.005	0.2	gamma_smc	alt_minus_ref_mean_tmrca_generations	negative	10	10	10	10	-16804.750311310003	-17860.5566125	12422.417115225573	-25092.619424750003	-9003.096474	16089.522950750003	-23915.8769535625	-9462.408465310002	5000	732936664	9	0.9	0.5958499732047615	0.9821237869049271	nonrandom
intro_s0p005_af30	0.005	0.3	tree_truth	alt_minus_ref_normalized_cdf_auc	positive	10	10	10	10	0.09042912088372718	0.1333509370376459	0.25970107966773526	-0.02740274599542329	0.20396428571428568	0.23136703170970896	-0.06306502416061305	0.24736016330635552	5000	643049080	7	0.7	0.39677814746114537	0.8922087325936989	nonrandom
intro_s0p005_af30	0.005	0.3	tree_truth	alt_minus_ref_mean_tmrca_generations	negative	10	10	10	10	-15310.213995147798	-7765.471182012841	19561.165574743518	-24880.229889238355	-1086.041792244324	23794.188096994032	-27519.926874570596	-5270.755717480979	5000	534108452	9	0.9	0.5958499732047615	0.9821237869049271	nonrandom
intro_s0p005_af30	0.005	0.3	gamma_smc	alt_minus_ref_normalized_cdf_auc	positive	10	10	10	10	0.08876114501871415	0.060378416484604965	0.23515722373171502	-0.0685935943585125	0.22409436527203716	0.29268795963054967	-0.04183216372626554	0.22553094762381432	5000	866274877	7	0.7	0.39677814746114537	0.8922087325936989	nonrandom
intro_s0p005_af30	0.005	0.3	gamma_smc	alt_minus_ref_mean_tmrca_generations	negative	10	10	10	10	-9235.2741814	-10504.127054	10056.856298640874	-12889.6121025	-3366.1463357499997	9523.46576675	-15067.520126277503	-3602.51108900751	5000	1081031830	8	0.8	0.49016247153664183	0.9433178485456247	nonrandom
intro_s0p005_af40	0.005	0.4	tree_truth	alt_minus_ref_normalized_cdf_auc	positive	10	10	10	10	0.08539069137449559	0.03360618792971734	0.2183846951965521	-0.07102321692713355	0.2824472222222222	0.3534704391493557	-0.03966843273861949	0.21921296891643385	5000	1211886293	6	0.6	0.31267376973365824	0.8318196702937638	nonrandom
intro_s0p005_af40	0.005	0.4	tree_truth	alt_minus_ref_mean_tmrca_generations	negative	10	10	10	10	-31903.137165257205	-27551.666454974875	28445.006753044003	-55007.92388140502	-6924.713975993804	48083.20990541122	-49006.69262008647	-15673.526916145487	5000	369916453	10	1.0	0.7224672001371107	0.9999999999999999	nonrandom
intro_s0p005_af40	0.005	0.4	gamma_smc	alt_minus_ref_normalized_cdf_auc	positive	10	10	10	10	0.08845388514352698	0.08198342002251749	0.17987003350900202	-0.06443441299194627	0.21477037775740246	0.27920479074934873	-0.01728107356154133	0.1913692764783069	5000	1586176192	7	0.7	0.39677814746114537	0.8922087325936989	nonrandom
intro_s0p005_af40	0.005	0.4	gamma_smc	alt_minus_ref_mean_tmrca_generations	negative	10	10	10	10	-13132.384039100001	-8424.938575	14105.918946069545	-20225.4359525	-2061.2652469999994	18164.1707055	-21953.338958160002	-5204.127622575006	5000	1181066710	9	0.9	0.5958499732047615	0.9821237869049271	nonrandom
intro_s0p005_af50	0.005	0.5	tree_truth	alt_minus_ref_normalized_cdf_auc	positive	10	10	10	10	0.11908858863219582	0.11692386363636362	0.06866170545761226	0.06111916048971157	0.18489273973108747	0.1237735792413759	0.0782756889553937	0.15956827995640996	5000	1853053900	10	1.0	0.7224672001371107	0.9999999999999999	nonrandom
intro_s0p005_af50	0.005	0.5	tree_truth	alt_minus_ref_mean_tmrca_generations	negative	10	10	10	10	-36009.19505297566	-32737.944424353183	19930.85833193901	-51022.63959661163	-21035.86855663301	29986.771039978623	-48028.537862033634	-24526.34289059322	5000	1295585400	10	1.0	0.7224672001371107	0.9999999999999999	nonrandom
intro_s0p005_af50	0.005	0.5	gamma_smc	alt_minus_ref_normalized_cdf_auc	positive	10	10	10	10	0.14454101780412698	0.1416179216035975	0.0633207964152485	0.086257176321075	0.176771914617675	0.09051473829659999	0.11020805123595333	0.18151953505126264	5000	1293814813	10	1.0	0.7224672001371107	0.9999999999999999	nonrandom
intro_s0p005_af50	0.005	0.5	gamma_smc	alt_minus_ref_mean_tmrca_generations	negative	10	10	10	10	-19610.1742628	-20934.038795	7521.992211782946	-25546.28620025	-17057.073321	8489.21287925	-23732.436768204996	-14837.577997792505	5000	2298329	10	1.0	0.7224672001371107	0.9999999999999999	nonrandom
intro_s0p005_af60	0.005	0.6	tree_truth	alt_minus_ref_normalized_cdf_auc	positive	10	10	10	10	0.020683191849331352	0.016301428376161817	0.2405001229929456	-0.1276401679306609	0.20351896551724136	0.33115913344790227	-0.12338842567754389	0.15949279940310002	5000	67771131	5	0.5	0.236593090512564	0.7634069094874361	nonrandom
intro_s0p005_af60	0.005	0.6	tree_truth	alt_minus_ref_mean_tmrca_generations	negative	10	10	10	10	-15559.866001058888	-7535.19994503556	19752.418261767893	-21285.228530982684	-1532.79776674938	19752.430764233304	-27886.21870227679	-4989.052277301056	5000	1535849741	8	0.8	0.49016247153664183	0.9433178485456247	nonrandom
intro_s0p005_af60	0.005	0.6	gamma_smc	alt_minus_ref_normalized_cdf_auc	positive	10	10	10	10	0.03720547594600946	-0.004740944150600029	0.26928428986066666	-0.15523729962052377	0.23621793255565127	0.39145523217617506	-0.11292334322317985	0.20060225454506023	5000	1662220697	5	0.5	0.236593090512564	0.7634069094874361	nonrandom
intro_s0p005_af60	0.005	0.6	gamma_smc	alt_minus_ref_mean_tmrca_generations	negative	10	10	10	10	-8306.9828718	-6884.214606	15670.607700763563	-9447.961790500001	-998.6458452500001	8449.31594525	-17620.614852732502	453.43868819748786	5000	1319734547	8	0.8	0.49016247153664183	0.9433178485456247	nonrandom
intro_s0p005_af70	0.005	0.7	tree_truth	alt_minus_ref_normalized_cdf_auc	positive	10	10	10	10	0.03326106691074878	0.1574888392857143	0.3384996201917151	0.02056191866753186	0.21644239267676768	0.1958804740092358	-0.18300647942099815	0.21204883558235904	5000	592510446	8	0.8	0.49016247153664183	0.9433178485456247	nonrandom
intro_s0p005_af70	0.005	0.7	tree_truth	alt_minus_ref_mean_tmrca_generations	negative	10	10	10	10	-12454.516805452457	-7572.943912016239	12841.715442201183	-20446.172582302803	-3368.271921641791	17077.900660661013	-20273.619398530762	-5374.221951448721	5000	96871188	8	0.8	0.49016247153664183	0.9433178485456247	nonrandom
intro_s0p005_af70	0.005	0.7	gamma_smc	alt_minus_ref_normalized_cdf_auc	positive	10	10	10	10	0.09221497940558146	0.2083018841195	0.2560347106831848	-0.044267204779588946	0.2839142567858551	0.32818146156544403	-0.07407059398785099	0.22938356384274616	5000	1690404517	7	0.7	0.39677814746114537	0.8922087325936989	nonrandom
intro_s0p005_af70	0.005	0.7	gamma_smc	alt_minus_ref_mean_tmrca_generations	negative	10	10	10	10	-12228.78256379	-11230.790619000001	12794.749270831313	-18135.03132375	-4995.5968505	13139.434473250001	-19577.00846589	-4770.5606720002515	5000	1074674032	8	0.8	0.49016247153664183	0.9433178485456247	nonrandom
intro_s0p005_af80	0.005	0.8	tree_truth	alt_minus_ref_normalized_cdf_auc	positive	10	10	10	10	-0.01072304008593986	0.14569568452380952	0.2758800843590462	-0.2662999750124938	0.21112355953905249	0.4774235345515463	-0.17257528865263974	0.14210823394998992	5000	753356911	6	0.6	0.31267376973365824	0.8318196702937638	nonrandom
intro_s0p005_af80	0.005	0.8	tree_truth	alt_minus_ref_mean_tmrca_generations	negative	10	10	10	10	-24817.52103636933	-28884.384751648566	23330.400976330497	-34523.1996474317	-1971.9507575757575	32551.248889855942	-38778.47975089406	-11327.916068585868	5000	1238501849	8	0.8	0.49016247153664183	0.9433178485456247	nonrandom
intro_s0p005_af80	0.005	0.8	gamma_smc	alt_minus_ref_normalized_cdf_auc	positive	10	10	10	10	0.014059190248354942	0.1712581020121327	0.3213410664660487	-0.24561921383803131	0.2410977825290432	0.48671699636707455	-0.18206086065448196	0.1900455544180466	5000	482260419	6	0.6	0.31267376973365824	0.8318196702937638	nonrandom
intro_s0p005_af80	0.005	0.8	gamma_smc	alt_minus_ref_mean_tmrca_generations	negative	10	10	10	10	-10448.52774976	-13926.653529	13306.113218371751	-18834.1279025	-1294.6063074999988	17539.521595000002	-18003.5139804625	-2427.620079267001	5000	1493817426	7	0.7	0.39677814746114537	0.8922087325936989	nonrandom
intro_s0p005_af90	0.005	0.9	tree_truth	alt_minus_ref_normalized_cdf_auc	positive	10	4	4	4	-0.43192929606146324	-0.33773525325249465	0.25022107414826855	-0.46624230295566504	-0.3034222463582929	0.16282005659737214	-0.681459478021978	-0.27659315690991715	5000	1906709048	0	0.0	0.0	0.4898908364545973	nonrandom
intro_s0p005_af90	0.005	0.9	tree_truth	alt_minus_ref_mean_tmrca_generations	negative	10	4	4	4	-7837.057480066434	332.2805355563978	17267.090373379764	-8228.612125134012	723.8351806239739	8952.447305757985	-25190.43786586559	1346.98489010989	5000	1828769905	1	0.25	0.04558726080970055	0.6993581574175981	nonrandom
intro_s0p005_af90	0.005	0.9	gamma_smc	alt_minus_ref_normalized_cdf_auc	positive	10	4	4	4	-0.2205926657656087	-0.16963115513654498	0.3814862848552929	-0.4297858090758174	0.039561988173663784	0.4693477972494812	-0.5255691559029998	0.07894474706332752	5000	1011783813	2	0.5	0.15003898915214947	0.8499610108478506	nonrandom
intro_s0p005_af90	0.005	0.9	gamma_smc	alt_minus_ref_mean_tmrca_generations	negative	10	4	4	4	-3295.0042662875007	-5617.339214575	14683.496680793292	-15483.82269775	6571.4792168875	22055.3019146375	-15552.916002500002	8962.907469925	5000	1683220103	2	0.5	0.15003898915214947	0.8499610108478506	nonrandom
intro_s0p001_af10	0.001	0.1	tree_truth	alt_minus_ref_normalized_cdf_auc	positive	10	10	10	10	0.2393364604316334	0.2150715389811135	0.16279910894987654	0.1543787933033279	0.29025	0.1358712066966721	0.1534703825541795	0.3401117022209306	5000	1591904358	10	1.0	0.7224672001371107	0.9999999999999999	nonrandom
intro_s0p001_af10	0.001	0.1	tree_truth	alt_minus_ref_mean_tmrca_generations	negative	10	10	10	10	-23149.655775747393	-20635.508617836604	10875.676127780702	-25681.44970192418	-17901.714826354146	7779.734875570033	-30559.344982320432	-17659.818033050255	5000	321769059	10	1.0	0.7224672001371107	0.9999999999999999	nonrandom
intro_s0p001_af10	0.001	0.1	gamma_smc	alt_minus_ref_normalized_cdf_auc	positive	10	10	10	10	0.20895043118456655	0.1958119643563225	0.1555110279709879	0.110418942086105	0.23024706877685003	0.11982812669074502	0.12512536847869704	0.29993347380956037	5000	45959607	9	0.9	0.5958499732047615	0.9821237869049271	nonrandom
intro_s0p001_af10	0.001	0.1	gamma_smc	alt_minus_ref_mean_tmrca_generations	negative	10	10	10	10	-16532.9192026	-15895.667388999998	5508.4511933514805	-18753.209097749997	-14449.024173	4304.184924749998	-19817.689053372498	-13406.871267582499	5000	1685219451	10	1.0	0.7224672001371107	0.9999999999999999	nonrandom
intro_s0p001_af20	0.001	0.2	tree_truth	alt_minus_ref_normalized_cdf_auc	positive	10	10	10	10	0.1845444726862207	0.18308851224105466	0.13473900501042946	0.07103905023547881	0.23168356643356647	0.16064451619808767	0.11072910445525587	0.26686954321588774	5000	802584447	10	1.0	0.7224672001371107	0.9999999999999999	nonrandom
intro_s0p001_af20	0.001	0.2	tree_truth	alt_minus_ref_mean_tmrca_generations	negative	10	10	10	10	-29458.36161372317	-30598.338689573742	12396.53797982246	-37215.38870745276	-21819.0295984725	15396.359108980258	-36506.24936086845	-22040.335745175988	5000	178604035	10	1.0	0.7224672001371107	0.9999999999999999	nonrandom
intro_s0p001_af20	0.001	0.2	gamma_smc	alt_minus_ref_normalized_cdf_auc	positive	10	10	10	10	0.11670696713690942	0.108367210789278	0.13526953422679808	0.014835099772569983	0.23516682594226626	0.2203317261696963	0.03536100439674435	0.19582703872315682	5000	956823157	8	0.8	0.49016247153664183	0.9433178485456247	nonrandom
intro_s0p001_af20	0.001	0.2	gamma_smc	alt_minus_ref_mean_tmrca_generations	negative	10	10	10	10	-12367.759591600003	-15617.223846	8326.568419292269	-17162.317774500003	-13134.40303	4027.9147445000035	-16648.1006373875	-6990.562796487501	5000	1769564374	8	0.8	0.49016247153664183	0.9433178485456247	nonrandom
intro_s0p001_af30	0.001	0.3	tree_truth	alt_minus_ref_normalized_cdf_auc	positive	10	10	10	10	0.15470105746024662	0.12390313852813856	0.12938984780993207	0.08416198475437606	0.1903024355877617	0.10614045083338564	0.08914971978323609	0.2385700773224295	5000	606901058	10	1.0	0.7224672001371107	0.9999999999999999	nonrandom
intro_s0p001_af30	0.001	0.3	tree_truth	alt_minus_ref_mean_tmrca_generations	negative	10	10	10	10	-21054.416664027092	-24177.99129114303	11995.913971884742	-27439.1744928519	-9114.392339781018	18324.782153070882	-28162.075547761015	-14442.440921915017	5000	309911325	10	1.0	0.7224672001371107	0.9999999999999999	nonrandom
intro_s0p001_af30	0.001	0.3	gamma_smc	alt_minus_ref_normalized_cdf_auc	positive	10	10	10	10	0.1163487667135588	0.12091412306660998	0.09396316894494695	0.041882048461499954	0.18079911154934875	0.1389170630878488	0.06104041361814704	0.16966869440509685	5000	2008835453	9	0.9	0.5958499732047615	0.9821237869049271	nonrandom
intro_s0p001_af30	0.001	0.3	gamma_smc	alt_minus_ref_mean_tmrca_generations	negative	10	10	10	10	-13597.4100879	-13859.8232995	4933.343880649154	-15427.106858750001	-13535.4712545	1891.635604250001	-16086.698381174998	-10307.082919875003	5000	57774068	10	1.0	0.7224672001371107	0.9999999999999999	nonrandom
intro_s0p001_af40	0.001	0.4	tree_truth	alt_minus_ref_normalized_cdf_auc	positive	10	8	8	8	0.09790300924657432	0.052122208931419466	0.14140897225613133	-0.0028382352941176137	0.20165550595238094	0.20449374124649855	0.011967310459994418	0.19501027629404646	5000	1034010460	6	0.75	0.40927543031016883	0.9285207872478909	nonrandom
intro_s0p001_af40	0.001	0.4	tree_truth	alt_minus_ref_mean_tmrca_generations	negative	10	8	8	8	-29833.836268824027	-32552.842206461944	13976.629158316831	-35204.046981952844	-21832.533270096	13371.513711856845	-38729.615780734064	-20820.425943210994	5000	1760401587	8	1.0	0.6755924351161198	1.0	nonrandom
intro_s0p001_af40	0.001	0.4	gamma_smc	alt_minus_ref_normalized_cdf_auc	positive	10	8	8	8	0.10530766993322438	0.07840461993548253	0.10973430225286478	0.03702874478359876	0.1948097584661012	0.15778101368250247	0.035781299070430116	0.17651372209057878	5000	372898455	6	0.75	0.40927543031016883	0.9285207872478909	nonrandom
intro_s0p001_af40	0.001	0.4	gamma_smc	alt_minus_ref_mean_tmrca_generations	negative	10	8	8	8	-15288.93013	-16105.570026999998	6402.686497610449	-20403.40485	-12127.386635249999	8276.01821475	-19110.224714725002	-11017.000359000001	5000	1868632969	8	1.0	0.6755924351161198	1.0	nonrandom
intro_s0p001_af50	0.001	0.5	tree_truth	alt_minus_ref_normalized_cdf_auc	positive	10	5	5	5	0.12490218119215375	0.13152702702702704	0.0899742158670093	0.06582692307692306	0.17600430416068868	0.11017738108376562	0.056856903965599594	0.1927506053305504	5000	1539509729	5	1.0	0.5655175352168251	1.0	nonrandom
intro_s0p001_af50	0.001	0.5	tree_truth	alt_minus_ref_mean_tmrca_generations	negative	10	5	5	5	-29866.105875081354	-24233.349575959903	29061.869441186842	-27481.854554085407	-16833.859428457457	10647.99512562795	-55489.683928388506	-10055.780159145937	5000	1235649896	5	1.0	0.5655175352168251	1.0	nonrandom
intro_s0p001_af50	0.001	0.5	gamma_smc	alt_minus_ref_normalized_cdf_auc	positive	10	5	5	5	0.11829766389322298	0.07219880704965001	0.11828493434948494	0.03578323622941995	0.20908023181409505	0.1732969955846751	0.028448040131521978	0.21408584388773697	5000	430608441	4	0.8	0.37553462976252533	0.9637758913675698	nonrandom
intro_s0p001_af50	0.001	0.5	gamma_smc	alt_minus_ref_mean_tmrca_generations	negative	10	5	5	5	-16842.737864799998	-17564.148081	6212.509205886283	-17596.555729	-13494.003979	4102.5517500000005	-21911.560873599996	-12667.599221400002	5000	611714512	5	1.0	0.5655175352168251	1.0	nonrandom
intro_s0p001_af60	0.001	0.6	tree_truth	alt_minus_ref_normalized_cdf_auc	positive	10	4	4	4	0.026810200882981958	0.05478205911296612	0.08566488268850189	0.005451152917908167	0.07614110707803991	0.07068995416013174	-0.0553851055002371	0.08236993345432544	5000	2135338395	3	0.75	0.30064184258240184	0.9544127391902995	nonrandom
intro_s0p001_af60	0.001	0.6	tree_truth	alt_minus_ref_mean_tmrca_generations	negative	10	4	4	4	-16559.50202126814	-18980.52071549427	12630.268746545386	-25905.030308989808	-9634.9924277726	16270.037881217208	-26555.743324922114	-6563.2607176141655	5000	574836481	4	1.0	0.5101091635454027	1.0	nonrandom
intro_s0p001_af60	0.001	0.6	gamma_smc	alt_minus_ref_normalized_cdf_auc	positive	10	4	4	4	0.13131558782520442	0.21023826373003374	0.2333120283659313	0.09876479017433751	0.24278906138090064	0.14402427120656314	-0.10323704293609559	0.28694554268167505	5000	1469035892	3	0.75	0.30064184258240184	0.9544127391902995	nonrandom
intro_s0p001_af60	0.001	0.6	gamma_smc	alt_minus_ref_mean_tmrca_generations	negative	10	4	4	4	-14663.860822749999	-18002.0231625	11774.630957195752	-21235.02563025	-11430.858355	9804.167275249998	-22587.3408095	-3402.2184962499996	5000	1401219782	3	0.75	0.30064184258240184	0.9544127391902995	nonrandom
intro_s0p001_af70	0.001	0.7	tree_truth	alt_minus_ref_normalized_cdf_auc	positive	10	0	0	0									5000	862025563	0				nonrandom
intro_s0p001_af70	0.001	0.7	tree_truth	alt_minus_ref_mean_tmrca_generations	negative	10	0	0	0									5000	1095202429	0				nonrandom
intro_s0p001_af70	0.001	0.7	gamma_smc	alt_minus_ref_normalized_cdf_auc	positive	10	0	0	0									5000	26537230	0				nonrandom
intro_s0p001_af70	0.001	0.7	gamma_smc	alt_minus_ref_mean_tmrca_generations	negative	10	0	0	0									5000	893478784	0				nonrandom
intro_s0p001_af80	0.001	0.8	tree_truth	alt_minus_ref_normalized_cdf_auc	positive	10	1	1	1	-0.2659375	-0.2659375		-0.2659375	-0.2659375	0.0	-0.2659375	-0.2659375	5000	752214948	0	0.0	0.0	0.7934506856227626	nonrandom
intro_s0p001_af80	0.001	0.8	tree_truth	alt_minus_ref_mean_tmrca_generations	negative	10	1	1	1	-8172.052983709602	-8172.052983709602		-8172.052983709602	-8172.052983709602	0.0	-8172.052983709602	-8172.052983709602	5000	281392398	1	1.0	0.20654931437723745	1.0	nonrandom
intro_s0p001_af80	0.001	0.8	gamma_smc	alt_minus_ref_normalized_cdf_auc	positive	10	1	1	1	-0.14254425254944997	-0.14254425254944997		-0.14254425254944997	-0.14254425254944997	0.0	-0.14254425254944997	-0.14254425254944997	5000	946871129	0	0.0	0.0	0.7934506856227626	nonrandom
intro_s0p001_af80	0.001	0.8	gamma_smc	alt_minus_ref_mean_tmrca_generations	negative	10	1	1	1	-8550.260065999999	-8550.260065999999		-8550.260065999999	-8550.260065999999	0.0	-8550.260065999999	-8550.260065999999	5000	1874642213	1	1.0	0.20654931437723745	1.0	nonrandom
intro_s0p001_af90	0.001	0.9	tree_truth	alt_minus_ref_normalized_cdf_auc	positive	10	0	0	0									5000	1114322015	0				nonrandom
intro_s0p001_af90	0.001	0.9	tree_truth	alt_minus_ref_mean_tmrca_generations	negative	10	0	0	0									5000	485718943	0				nonrandom
intro_s0p001_af90	0.001	0.9	gamma_smc	alt_minus_ref_normalized_cdf_auc	positive	10	0	0	0									5000	284453368	0				nonrandom
intro_s0p001_af90	0.001	0.9	gamma_smc	alt_minus_ref_mean_tmrca_generations	negative	10	0	0	0									5000	125123500	0				nonrandom
