scenario_id	mode	replicate_index	status	elapsed_seconds	error
pulse_s0p003	neutral	122	completed	241.3031446959999	
pulse_s0p003	neutral	123	completed	239.65454808200002	
pulse_s0p003	neutral	124	completed	241.15391465699986	
pulse_s0p003	neutral	125	completed	242.84765494500016	
pulse_s0p003	neutral	126	completed	238.52585981000038	
pulse_s0p003	neutral	127	completed	239.61538707399995	
pulse_s0p003	neutral	128	completed	239.511477432	
pulse_s0p003	neutral	129	completed	238.50693965000028	
pulse_s0p003	neutral	130	completed	241.34839804199964	
pulse_s0p003	neutral	131	completed	235.4867532850003	
pulse_s0p003	neutral	132	completed	237.18995321099965	
pulse_s0p003	neutral	133	completed	237.53557404999992	
pulse_s0p003	neutral	134	completed	242.14177623900014	
pulse_s0p003	neutral	135	completed	242.44670691400006	
pulse_s0p003	neutral	136	completed	244.0257690049998	
pulse_s0p003	neutral	137	completed	240.769023242	
pulse_s0p003	neutral	138	completed	241.09480269899996	
pulse_s0p003	neutral	139	completed	241.83330585600015	
pulse_s0p003	neutral	140	completed	240.84701679700038	
pulse_s0p003	neutral	141	completed	243.113767328	
pulse_s0p003	neutral	142	completed	259.15199738399997	
pulse_s0p003	neutral	143	completed	260.91651923400013	
pulse_s0p003	neutral	144	completed	268.23359666900024	
pulse_s0p003	neutral	145	completed	257.97525779199987	
pulse_s0p003	neutral	146	completed	260.4155953459999	
pulse_s0p003	neutral	147	completed	269.9273301610001	
pulse_s0p003	neutral	148	completed	266.85950588800006	
pulse_s0p003	neutral	149	completed	265.00377931799994	
pulse_s0p003	neutral	150	completed	266.25531017000003	
pulse_s0p003	neutral	151	completed	266.31175350800004	
pulse_s0p003	neutral	152	completed	270.27159968199976	
pulse_s0p003	neutral	153	completed	263.5934052910002	
pulse_s0p003	neutral	154	completed	264.17366671599984	
pulse_s0p003	neutral	155	completed	268.41050115400003	
pulse_s0p003	neutral	156	completed	264.8942872069997	
pulse_s0p003	neutral	157	completed	268.81445628899974	
pulse_s0p003	neutral	158	completed	271.19096369499994	
pulse_s0p003	neutral	159	completed	266.43255323099993	
pulse_s0p003	neutral	160	completed	270.30221871699996	
pulse_s0p003	neutral	161	completed	257.3098863760001	
pulse_s0p003	neutral	162	completed	250.07594328100004	
pulse_s0p003	neutral	163	completed	252.65917470500017	
pulse_s0p003	neutral	164	completed	254.06128299500006	
pulse_s0p003	neutral	165	completed	242.11152339799992	
pulse_s0p003	neutral	166	completed	258.20527712700004	
pulse_s0p003	neutral	167	completed	256.15834732999974	
pulse_s0p003	neutral	168	completed	256.570743237	
pulse_s0p003	neutral	169	completed	257.3279081640003	
pulse_s0p003	neutral	170	completed	259.02596298900016	
pulse_s0p003	neutral	171	completed	261.64569216400014	
pulse_s0p003	neutral	172	completed	256.1519575289999	
pulse_s0p003	neutral	173	completed	252.30222768399972	
pulse_s0p003	neutral	174	completed	252.68628004099992	
pulse_s0p003	neutral	175	completed	259.3451615079998	
pulse_s0p003	neutral	176	completed	249.63241159200015	
pulse_s0p003	neutral	177	completed	252.39800850100028	
pulse_s0p003	neutral	178	completed	254.44409217500015	
pulse_s0p003	neutral	179	completed	253.11935143600022	
pulse_s0p003	neutral	180	completed	251.01387885600025	
pulse_s0p003	neutral	181	completed	253.13859859499962	
pulse_s0p003	neutral	182	completed	250.25551456499988	
pulse_s0p003	neutral	183	completed	255.01712125199992	
pulse_s0p003	neutral	184	completed	253.66483310600006	
pulse_s0p003	neutral	185	completed	258.0154602550001	
pulse_s0p003	neutral	186	completed	261.7602625080003	
pulse_s0p003	neutral	187	completed	257.67819935499983	
pulse_s0p003	neutral	188	completed	259.74067428599983	
pulse_s0p003	neutral	189	completed	257.3710340399998	
pulse_s0p003	neutral	190	completed	258.92163528599986	
pulse_s0p003	neutral	191	completed	258.5382801999999	
pulse_s0p003	neutral	192	completed	260.94252939900025	
pulse_s0p003	neutral	193	completed	261.7195204049999	
pulse_s0p003	neutral	194	completed	264.3180077650004	
pulse_s0p003	neutral	195	completed	258.4640023830002	
pulse_s0p003	neutral	196	completed	257.972005006	
pulse_s0p003	neutral	197	completed	259.30329334299995	
pulse_s0p003	neutral	198	completed	259.49488132399983	
pulse_s0p003	neutral	199	completed	257.95969662900006	
pulse_s0p003	neutral	200	completed	258.443529917	
pulse_s0p003	neutral	201	completed	259.54230437199976	
pulse_s0p003	neutral	202	completed	241.77487537800016	
pulse_s0p003	neutral	203	completed	242.43634329999986	
pulse_s0p003	neutral	204	completed	250.04846601999998	
pulse_s0p003	neutral	205	completed	246.46945249600003	
pulse_s0p003	neutral	206	completed	260.806349897	
pulse_s0p003	neutral	207	completed	253.505351538	
pulse_s0p003	neutral	208	completed	252.670245066	
pulse_s0p003	neutral	209	completed	267.0362254669999	
pulse_s0p003	neutral	210	completed	258.6383807540001	
pulse_s0p003	neutral	211	completed	259.33037699099987	
pulse_s0p003	neutral	212	completed	252.22100824599966	
pulse_s0p003	neutral	213	completed	244.74674282599972	
pulse_s0p003	neutral	214	completed	252.43254991000003	
pulse_s0p003	neutral	215	completed	252.34587008100016	
pulse_s0p003	neutral	216	completed	251.13226397800008	
pulse_s0p003	neutral	217	completed	258.4736857939997	
pulse_s0p003	neutral	218	completed	256.78667964199985	
pulse_s0p003	neutral	219	completed	250.15349463099983	
pulse_s0p003	neutral	220	completed	259.41758506600036	
pulse_s0p003	neutral	221	completed	254.5428022430001	
pulse_s0p003	neutral	222	completed	233.7808737790001	
pulse_s0p003	neutral	223	completed	236.730783556	
pulse_s0p003	neutral	224	completed	242.7636959739998	
pulse_s0p003	neutral	225	completed	237.9000479199999	
pulse_s0p003	neutral	226	completed	240.95184118099996	
pulse_s0p003	neutral	227	completed	249.83581685199988	
pulse_s0p003	neutral	228	completed	256.61184189200003	
pulse_s0p003	neutral	229	completed	251.967201724	
pulse_s0p003	neutral	230	completed	257.02769972600026	
pulse_s0p003	neutral	231	completed	262.89867987100024	
pulse_s0p003	neutral	232	completed	253.79310392100024	
pulse_s0p003	neutral	233	completed	245.98666887299987	
pulse_s0p003	neutral	234	completed	254.54857663699977	
pulse_s0p003	neutral	235	completed	255.16155531200002	
pulse_s0p003	neutral	236	completed	250.25162386500006	
pulse_s0p003	neutral	237	completed	252.8848037990001	
pulse_s0p003	neutral	238	completed	253.0868652690001	
pulse_s0p003	neutral	239	completed	249.9018462879999	
pulse_s0p003	neutral	240	completed	247.52535671099986	
pulse_s0p003	neutral	241	completed	248.91337974100043	
pulse_s0p003	neutral	242	completed	220.41017328899989	
pulse_s0p003	neutral	243	completed	231.08939995899982	
pulse_s0p003	neutral	244	completed	244.54499137699986	
pulse_s0p003	neutral	245	completed	239.58519582000008	
pulse_s0p003	neutral	246	completed	241.6753437340003	
pulse_s0p003	neutral	247	completed	251.0701849500001	
pulse_s0p003	neutral	248	completed	251.608400738	
pulse_s0p003	neutral	249	completed	259.606696541	
pulse_s0p003	neutral	250	completed	255.22461042800023	
pulse_s0p003	neutral	251	completed	247.8812262219999	
pulse_s0p003	neutral	252	completed	251.42825088600011	
pulse_s0p003	neutral	253	completed	251.45227329099998	
pulse_s0p003	neutral	254	completed	253.08549003100006	
pulse_s0p003	neutral	255	completed	253.36031137600003	
pulse_s0p003	neutral	256	completed	249.58866473300031	
pulse_s0p003	neutral	257	completed	252.0039556910001	
pulse_s0p003	neutral	258	completed	242.4913551210002	
pulse_s0p003	neutral	259	completed	247.16208420800012	
pulse_s0p003	neutral	260	completed	243.9733016549999	
pulse_s0p003	neutral	261	completed	251.20510447900006	
pulse_s0p003	neutral	262	completed	187.55714397300017	
pulse_s0p003	neutral	263	completed	228.60002690500005	
pulse_s0p003	neutral	264	completed	250.7794615319999	
pulse_s0p003	neutral	265	completed	240.84247200899972	
pulse_s0p003	neutral	266	completed	242.95564377000028	
pulse_s0p003	neutral	267	completed	247.315485609	
pulse_s0p003	neutral	268	completed	254.01605395599972	
pulse_s0p003	neutral	269	completed	257.0390287059995	
pulse_s0p003	neutral	270	completed	247.95139929300012	
pulse_s0p003	neutral	271	completed	255.77021444299953	
pulse_s0p003	neutral	272	completed	257.49895332599954	
pulse_s0p003	neutral	273	completed	252.175773725	
pulse_s0p003	neutral	274	completed	251.99818169499986	
pulse_s0p003	neutral	275	completed	262.4823987220002	
pulse_s0p003	neutral	276	completed	253.69561122999994	
pulse_s0p003	neutral	277	completed	260.0504571839997	
pulse_s0p003	neutral	278	completed	250.82417718000033	
pulse_s0p003	neutral	279	completed	254.81198611400032	
pulse_s0p003	neutral	280	completed	247.92485114400006	
pulse_s0p003	neutral	281	completed	257.11786120900024	
pulse_s0p003	neutral	282	completed	212.81119558199998	
pulse_s0p003	neutral	283	completed	206.55183059699993	
pulse_s0p003	neutral	284	completed	238.65290859000015	
pulse_s0p003	neutral	285	completed	242.74093625499972	
pulse_s0p003	neutral	286	completed	245.8959341179998	
pulse_s0p003	neutral	287	completed	254.72113686899957	
pulse_s0p003	neutral	288	completed	269.25885377600025	
pulse_s0p003	neutral	289	completed	270.51864016699983	
pulse_s0p003	neutral	290	completed	268.4477345770001	
pulse_s0p003	neutral	291	completed	272.21614381699965	
pulse_s0p003	neutral	292	completed	269.4146898529998	
pulse_s0p003	neutral	293	completed	262.9470242289999	
pulse_s0p003	neutral	294	completed	268.7430925440003	
pulse_s0p003	neutral	295	completed	269.7825542169994	
pulse_s0p003	neutral	296	completed	273.2560959479997	
pulse_s0p003	neutral	297	completed	284.8955220750004	
pulse_s0p003	neutral	298	completed	270.3864676459998	
pulse_s0p003	neutral	299	completed	265.08675306199984	
pulse_s0p003	selected	0	completed	365.0228862969998	
pulse_s0p003	selected	1	completed	628.1243075270004	
pulse_s0p003	selected	2	completed	660.7974432229994	
pulse_s0p003	selected	3	completed	332.2108199939994	
pulse_s0p003	selected	4	completed	344.58558021499994	
pulse_s0p003	selected	5	completed	971.9207786219995	
pulse_s0p003	selected	6	completed	1215.4882884489998	
pulse_s0p003	selected	7	completed	416.1258280769998	
pulse_s0p003	selected	8	completed	325.70643109499997	
pulse_s0p003	selected	9	completed	499.04720416000055	
pulse_s0p003	selected	10	completed	712.7396707810003	
pulse_s0p003	selected	11	completed	611.175151122	
pulse_s0p003	selected	12	completed	780.2548508959999	
pulse_s0p003	selected	13	completed	420.5159532050002	
pulse_s0p003	selected	14	completed	421.6050985040001	
pulse_s0p003	selected	15	completed	835.0456425129996	
pulse_s0p003	selected	16	completed	326.4350136359999	
pulse_s0p003	selected	17	completed	332.23660165900037	
pulse_s0p003	selected	18	completed	755.156010181	
pulse_s0p003	selected	19	completed	323.5540532289997	
pulse_s0p003	selected	20	completed	301.89567945399995	
pulse_s0p003	selected	21	completed	406.6803450460002	
pulse_s0p003	selected	22	completed	699.6706900890003	
pulse_s0p003	selected	23	completed	483.0343012809999	
pulse_s0p003	selected	24	completed	417.77065402900007	
pulse_s0p003	selected	25	completed	546.2681065670004	
pulse_s0p003	selected	26	completed	402.45383907700034	
pulse_s0p003	selected	27	completed	482.4719850189995	
pulse_s0p003	selected	28	completed	468.9837215690004	
pulse_s0p003	selected	29	completed	387.58932861799985	
pulse_s0p003	selected	30	completed	644.3603880680002	
pulse_s0p003	selected	31	completed	373.2945786580003	
pulse_s0p003	selected	32	completed	299.95763632500075	
pulse_s0p003	selected	33	completed	420.9608458060002	
pulse_s0p003	selected	34	completed	386.60149502200056	
pulse_s0p003	selected	35	completed	1010.039755836	
pulse_s0p003	selected	36	completed	1078.6845462359997	
pulse_s0p003	selected	37	completed	481.8828069499996	
pulse_s0p003	selected	38	completed	445.5884963749995	
pulse_s0p003	selected	39	completed	454.5740795869997	
pulse_s0p003	selected	40	completed	358.2833756299997	
pulse_s0p003	selected	41	completed	1752.5052258270007	
pulse_s0p003	selected	42	completed	465.2196741560001	
pulse_s0p003	selected	43	completed	452.958021036	
pulse_s0p003	selected	44	completed	426.8557137329999	
pulse_s0p003	selected	45	completed	286.8398084240007	
pulse_s0p003	selected	46	completed	718.8372462839998	
pulse_s0p003	selected	47	completed	470.55181787699985	
pulse_s0p003	selected	48	completed	380.363953262	
pulse_s0p003	selected	49	completed	309.543144536	
pulse_s0p003	selected	50	completed	288.7509334509996	
pulse_s0p003	selected	51	completed	1289.7473966519992	
pulse_s0p003	selected	52	completed	279.9399847470004	
pulse_s0p003	selected	53	completed	727.0468513759997	
pulse_s0p003	selected	54	completed	633.0728167669995	
pulse_s0p003	selected	55	completed	280.6433045190006	
pulse_s0p003	selected	56	completed	1240.9772207839997	
pulse_s0p003	selected	57	completed	765.4525957750002	
pulse_s0p003	selected	58	completed	782.3188886649996	
pulse_s0p003	selected	59	completed	1444.1332776949994	
pulse_s0p003	selected	60	completed	461.5327805910001	
pulse_s0p003	selected	61	completed	780.0600898439998	
pulse_s0p003	selected	62	completed	445.4348490749999	
pulse_s0p003	selected	63	completed	360.6122560439999	
pulse_s0p003	selected	64	completed	540.7333528879999	
pulse_s0p003	selected	65	completed	453.56211277700004	
pulse_s0p003	selected	66	completed	661.6205742960001	
pulse_s0p003	selected	67	completed	351.45050739199996	
pulse_s0p003	selected	68	completed	410.6868315649999	
pulse_s0p003	selected	69	completed	284.6932110050002	
pulse_s0p003	selected	70	completed	1072.54585451	
pulse_s0p003	selected	71	completed	498.70981155499976	
pulse_s0p003	selected	72	completed	407.5114506780001	
pulse_s0p003	selected	73	completed	409.43631055900005	
pulse_s0p003	selected	74	completed	490.26623160099916	
pulse_s0p003	selected	75	completed	404.61237893	
pulse_s0p003	selected	76	completed	647.4522592169997	
pulse_s0p003	selected	77	completed	316.78592280700013	
pulse_s0p003	selected	78	completed	609.215628854	
pulse_s0p003	selected	79	completed	318.8314692260001	
pulse_s0p003	selected	80	completed	739.1086868769999	
pulse_s0p003	selected	81	completed	334.8347528590002	
pulse_s0p003	selected	82	completed	1038.464809186	
pulse_s0p003	selected	83	completed	620.5065463460005	
pulse_s0p003	selected	84	completed	595.8014964140002	
pulse_s0p003	selected	85	completed	406.64784548199987	
pulse_s0p003	selected	86	completed	517.5470751970006	
pulse_s0p003	selected	87	completed	514.6552259190003	
pulse_s0p003	selected	88	completed	429.92682437500025	
pulse_s0p003	selected	89	completed	524.620316822	
pulse_s0p003	selected	90	completed	909.9722485129996	
pulse_s0p003	selected	91	completed	594.011016212	
pulse_s0p003	selected	92	completed	1172.5953066820002	
pulse_s0p003	selected	93	completed	408.94547355099985	
pulse_s0p003	selected	94	completed	702.9683804489996	
pulse_s0p003	selected	95	completed	687.8197658119998	
pulse_s0p003	selected	96	completed	308.0091170599999	
pulse_s0p003	selected	97	completed	584.2449422910004	
pulse_s0p003	selected	98	completed	304.3283366960004	
pulse_s0p003	selected	99	completed	827.3610420249997	
pulse_s0p004	selected	0	completed	302.65884725700016	
pulse_s0p004	selected	1	completed	320.06979521499943	
pulse_s0p004	selected	2	completed	587.3972218819999	
pulse_s0p004	selected	3	completed	640.762951785	
pulse_s0p004	selected	4	completed	417.7258291139997	
pulse_s0p004	selected	5	completed	515.9708558279999	
pulse_s0p004	selected	6	completed	319.3248147049999	
pulse_s0p004	selected	7	completed	719.0654266749998	
pulse_s0p004	selected	8	completed	573.4706143800004	
pulse_s0p004	selected	9	completed	660.7280045770003	
pulse_s0p004	selected	10	completed	966.3268696069999	
pulse_s0p004	selected	11	completed	398.10076678400037	
pulse_s0p004	selected	12	completed	408.4799767960003	
pulse_s0p004	selected	13	completed	554.6034441129996	
pulse_s0p004	selected	14	completed	857.9960369089995	
pulse_s0p004	selected	15	completed	688.5086642700007	
pulse_s0p004	selected	16	completed	333.7177196470002	
pulse_s0p004	selected	17	completed	261.3357677390004	
pulse_s0p004	selected	18	completed	255.88345256400044	
pulse_s0p004	selected	19	completed	238.4803938770001	
pulse_s0p004	selected	20	completed	387.9107569080006	
pulse_s0p004	selected	21	completed	307.73851314699914	
pulse_s0p004	selected	22	completed	471.2281131969994	
pulse_s0p004	selected	23	completed	238.65146392099996	
pulse_s0p004	selected	24	completed	616.7497218400003	
pulse_s0p004	selected	25	completed	763.5386301410008	
pulse_s0p004	selected	26	completed	323.097509964	
pulse_s0p004	selected	27	completed	241.28602548900017	
pulse_s0p004	selected	28	completed	485.1350271849997	
pulse_s0p004	selected	29	completed	403.5046800250002	
pulse_s0p004	selected	30	completed	230.69169949500065	
pulse_s0p004	selected	31	completed	461.68345120200047	
pulse_s0p004	selected	32	completed	483.8873473849999	
pulse_s0p004	selected	33	completed	707.7966214109993	
pulse_s0p004	selected	34	completed	470.7407003469998	
pulse_s0p004	selected	35	completed	463.94483663199935	
pulse_s0p004	selected	36	completed	1241.9510010040003	
pulse_s0p004	selected	37	completed	402.81195785199907	
pulse_s0p004	selected	38	completed	262.4972635489994	
pulse_s0p004	selected	39	completed	406.5601951109993	
pulse_s0p004	selected	40	completed	243.8417672579999	
pulse_s0p004	selected	41	completed	514.022738742	
pulse_s0p004	selected	42	completed	226.7312764490007	
pulse_s0p004	selected	43	completed	295.1289621599999	
pulse_s0p004	selected	44	completed	314.49602290000075	
pulse_s0p004	selected	45	completed	575.7943337649995	
pulse_s0p004	selected	46	completed	423.07174378500076	
pulse_s0p004	selected	47	completed	438.36700017600015	
pulse_s0p004	selected	48	completed	975.0628116300013	
pulse_s0p004	selected	49	completed	514.3220372750002	
pulse_s0p004	selected	50	completed	309.4461472719995	
pulse_s0p004	selected	51	completed	298.78669276799883	
pulse_s0p004	selected	52	completed	235.01026593300048	
pulse_s0p004	selected	53	completed	309.0166478709998	
pulse_s0p004	selected	54	completed	434.865375192001	
pulse_s0p004	selected	55	completed	515.3006999809986	
pulse_s0p004	selected	56	completed	241.10541707100128	
pulse_s0p004	selected	57	completed	307.074335067	
pulse_s0p004	selected	58	completed	446.4003400679994	
pulse_s0p004	selected	59	completed	231.3352347020009	
pulse_s0p004	selected	60	completed	608.7778150189988	
pulse_s0p004	selected	61	completed	213.28159220700036	
pulse_s0p004	selected	62	completed	212.7943496579992	
pulse_s0p004	selected	63	completed	228.18564485499883	
pulse_s0p004	selected	64	completed	231.91480839699943	
pulse_s0p004	selected	65	completed	213.765497280001	
pulse_s0p004	selected	66	completed	297.07492159999856	
pulse_s0p004	selected	67	completed	375.91480645699994	
pulse_s0p004	selected	68	completed	300.17123474599975	
pulse_s0p004	selected	69	completed	351.0717733749989	
pulse_s0p004	selected	70	completed	303.29825822900057	
pulse_s0p004	selected	71	completed	360.0944231320009	
pulse_s0p004	selected	72	completed	399.9930310100008	
pulse_s0p004	selected	73	completed	705.8079302379992	
pulse_s0p004	selected	74	completed	233.30588728500152	
pulse_s0p004	selected	75	completed	347.3886568069993	
pulse_s0p004	selected	76	completed	349.88705803599987	
pulse_s0p004	selected	77	completed	244.93243149999944	
pulse_s0p004	selected	78	completed	346.5126869570013	
pulse_s0p004	selected	79	completed	280.64254961499864	
pulse_s0p004	selected	80	completed	224.62406739400103	
pulse_s0p004	selected	81	completed	219.6643150330001	
pulse_s0p004	selected	82	completed	204.3617461949998	
pulse_s0p004	selected	83	completed	263.9680851760004	
pulse_s0p004	selected	84	completed	259.4647934450004	
pulse_s0p004	selected	85	completed	200.23506241799987	
pulse_s0p004	selected	86	completed	201.2613198550007	
pulse_s0p004	selected	87	completed	199.04417685000044	
pulse_s0p004	selected	88	completed	400.73158473500007	
pulse_s0p004	selected	89	completed	349.93527258700124	
pulse_s0p004	selected	90	completed	379.89011984699937	
pulse_s0p004	selected	91	completed	286.10236248899855	
pulse_s0p004	selected	92	completed	428.33758054700047	
pulse_s0p004	selected	93	completed	306.3579534669989	
pulse_s0p004	selected	94	completed	222.26448896300099	
pulse_s0p004	selected	95	completed	476.2607325090012	
pulse_s0p004	selected	96	completed	298.64212802399925	
pulse_s0p004	selected	97	completed	234.96185121099916	
pulse_s0p004	selected	98	completed	385.3586023500011	
pulse_s0p004	selected	99	completed	417.0666743090005	
pulse_s0p005	selected	0	completed	362.5904937219984	
pulse_s0p005	selected	1	completed	412.49566163599957	
pulse_s0p005	selected	2	completed	308.8638178069996	
pulse_s0p005	selected	3	completed	354.072146298	
pulse_s0p005	selected	4	completed	359.408891856001	
pulse_s0p005	selected	5	completed	350.4343413679999	
pulse_s0p005	selected	6	completed	287.78406066499883	
pulse_s0p005	selected	7	completed	270.9573712319998	
pulse_s0p005	selected	8	completed	255.77242955600013	
pulse_s0p005	selected	9	completed	195.171525527001	
pulse_s0p005	selected	10	completed	316.9954797680002	
pulse_s0p005	selected	11	completed	193.82266735099984	
pulse_s0p005	selected	12	completed	198.07899916699898	
pulse_s0p005	selected	13	completed	581.8859084920005	
pulse_s0p005	selected	14	completed	186.89642287800052	
pulse_s0p005	selected	15	completed	181.92080983899905	
pulse_s0p005	selected	16	completed	191.435840533999	
pulse_s0p005	selected	17	completed	777.8613890430006	
pulse_s0p005	selected	18	completed	454.8586129960004	
pulse_s0p005	selected	19	completed	206.98851892200037	
pulse_s0p005	selected	20	completed	285.6485268159995	
pulse_s0p005	selected	21	completed	506.96236103199954	
pulse_s0p005	selected	22	completed	222.44820235399857	
pulse_s0p005	selected	23	completed	563.7329559150003	
pulse_s0p005	selected	24	completed	227.76676165400022	
pulse_s0p005	selected	25	completed	230.2697206949997	
pulse_s0p005	selected	26	completed	233.06620593799926	
pulse_s0p005	selected	27	completed	236.5669366359998	
pulse_s0p005	selected	28	completed	431.3930650780003	
pulse_s0p005	selected	29	completed	233.67568800200024	
pulse_s0p005	selected	30	completed	362.8723730210004	
pulse_s0p005	selected	31	completed	229.72974080700078	
pulse_s0p005	selected	32	completed	235.3126710430006	
pulse_s0p005	selected	33	completed	362.46458873999836	
pulse_s0p005	selected	34	completed	223.99597745400024	
pulse_s0p005	selected	35	completed	349.33090779600025	
pulse_s0p005	selected	36	completed	423.2143864459995	
pulse_s0p005	selected	37	completed	225.88876078800058	
pulse_s0p005	selected	38	completed	552.1831834799996	
pulse_s0p005	selected	39	completed	228.92526739599998	
pulse_s0p005	selected	40	completed	237.01761824400091	
pulse_s0p005	selected	41	completed	268.93495871399864	
pulse_s0p005	selected	42	completed	433.4756985719996	
pulse_s0p005	selected	43	completed	416.62201954900047	
pulse_s0p005	selected	44	completed	224.14791263400002	
pulse_s0p005	selected	45	completed	868.7862727920001	
pulse_s0p005	selected	46	completed	210.37930093399882	
pulse_s0p005	selected	47	completed	216.94382314500035	
pulse_s0p005	selected	48	completed	211.2262261020005	
pulse_s0p005	selected	49	completed	209.91899369699968	
pulse_s0p005	selected	50	completed	323.9474116630008	
pulse_s0p005	selected	51	completed	206.27953369999886	
pulse_s0p005	selected	52	completed	261.86340697099877	
pulse_s0p005	selected	53	completed	492.62057333099983	
pulse_s0p005	selected	54	completed	280.6926475479995	
pulse_s0p005	selected	55	completed	216.43216437299998	
pulse_s0p005	selected	56	completed	255.9043317709984	
pulse_s0p005	selected	57	completed	220.98334262400022	
pulse_s0p005	selected	58	completed	200.78776549399845	
pulse_s0p005	selected	59	completed	269.65026822599975	
pulse_s0p005	selected	60	completed	309.55799669799853	
pulse_s0p005	selected	61	completed	200.8500440450007	
pulse_s0p005	selected	62	completed	202.18015631900016	
pulse_s0p005	selected	63	completed	200.31317828600004	
pulse_s0p005	selected	64	completed	302.7066031760005	
pulse_s0p005	selected	65	completed	214.76593541900002	
pulse_s0p005	selected	66	completed	213.76873405999868	
pulse_s0p005	selected	67	completed	201.50754901899927	
pulse_s0p005	selected	68	completed	200.28283722599917	
pulse_s0p005	selected	69	completed	266.7546861659994	
pulse_s0p005	selected	70	completed	199.90242636999938	
pulse_s0p005	selected	71	completed	402.83628078999936	
pulse_s0p005	selected	72	completed	208.52971114499996	
pulse_s0p005	selected	73	completed	206.26963594600056	
pulse_s0p005	selected	74	completed	211.90714158899937	
pulse_s0p005	selected	75	completed	1255.908222987	
pulse_s0p005	selected	76	completed	206.38265032300114	
pulse_s0p005	selected	77	completed	431.2006867750006	
pulse_s0p005	selected	78	completed	427.0895134580005	
pulse_s0p005	selected	79	completed	999.2086937460008	
pulse_s0p005	selected	80	completed	429.4061169630004	
pulse_s0p005	selected	81	completed	215.394180796	
pulse_s0p005	selected	82	completed	839.6464847870011	
pulse_s0p005	selected	83	completed	246.20414109900048	
pulse_s0p005	selected	84	completed	232.3935115380009	
pulse_s0p005	selected	85	completed	779.3371843330006	
pulse_s0p005	selected	86	completed	235.27458121699965	
pulse_s0p005	selected	87	completed	385.29671187200074	
pulse_s0p005	selected	88	completed	386.21318481399976	
pulse_s0p005	selected	89	completed	370.5279999769991	
pulse_s0p005	selected	90	completed	233.01474850500017	
pulse_s0p005	selected	91	completed	252.93331295899952	
pulse_s0p005	selected	92	completed	245.9012256620008	
pulse_s0p005	selected	93	completed	375.7375960499994	
pulse_s0p005	selected	94	completed	717.4279115960016	
pulse_s0p005	selected	95	completed	549.1523481470012	
pulse_s0p005	selected	96	completed	412.8685129400001	
pulse_s0p005	selected	97	completed	576.626169531999	
pulse_s0p005	selected	98	completed	410.0825620989999	
pulse_s0p005	selected	99	completed	235.89532137800052	
pulse_delayed_s0p005	selected	0	completed	1222.4954811450007	
pulse_delayed_s0p005	selected	1	completed	587.6254027169998	
pulse_delayed_s0p005	selected	2	completed	696.1401043500009	
pulse_delayed_s0p005	selected	3	completed	963.6639627920013	
pulse_delayed_s0p005	selected	4	completed	646.5227226970001	
pulse_delayed_s0p005	selected	5	completed	355.3495533659989	
pulse_delayed_s0p005	selected	6	completed	347.3488102370011	
pulse_delayed_s0p005	selected	7	completed	342.78518514200005	
pulse_delayed_s0p005	selected	8	completed	342.04136103100063	
pulse_delayed_s0p005	selected	9	completed	333.13552629699916	
pulse_delayed_s0p005	selected	10	completed	1759.5155701080002	
pulse_delayed_s0p005	selected	11	completed	558.7184403350002	
pulse_delayed_s0p005	selected	12	completed	367.86628357300106	
pulse_delayed_s0p005	selected	13	completed	915.1212924739993	
pulse_delayed_s0p005	selected	14	completed	1434.8569584870002	
pulse_delayed_s0p005	selected	15	completed	869.7547013869989	
pulse_delayed_s0p005	selected	16	completed	998.8582203700007	
pulse_delayed_s0p005	selected	17	completed	880.3638815979994	
pulse_delayed_s0p005	selected	18	completed	1094.193338559	
pulse_delayed_s0p005	selected	19	completed	917.0469990339989	
pulse_delayed_s0p005	selected	20	completed	253.44949642799838	
pulse_delayed_s0p005	selected	21	completed	426.7126872120007	
pulse_delayed_s0p005	selected	22	completed	351.2604924619991	
pulse_delayed_s0p005	selected	23	completed	611.859910580999	
pulse_delayed_s0p005	selected	24	completed	858.5942114989994	
pulse_delayed_s0p005	selected	25	completed	923.4203566830001	
pulse_delayed_s0p005	selected	26	completed	470.9772914290006	
pulse_delayed_s0p005	selected	27	completed	350.70391761000064	
pulse_delayed_s0p005	selected	28	completed	357.54258224600017	
pulse_delayed_s0p005	selected	29	completed	834.6373226939995	
pulse_delayed_s0p005	selected	30	completed	426.4780290560011	
pulse_delayed_s0p005	selected	31	completed	272.0400617960004	
pulse_delayed_s0p005	selected	32	completed	1271.4189344609986	
pulse_delayed_s0p005	selected	33	completed	418.9960194389987	
pulse_delayed_s0p005	selected	34	completed	477.0472937129998	
pulse_delayed_s0p005	selected	35	completed	607.6859627060003	
pulse_delayed_s0p005	selected	36	completed	871.6842812739997	
pulse_delayed_s0p005	selected	37	completed	245.69400774899987	
pulse_delayed_s0p005	selected	38	completed	887.4170742289989	
pulse_delayed_s0p005	selected	39	completed	244.20753428399985	
pulse_delayed_s0p005	selected	40	completed	226.56537695100087	
pulse_delayed_s0p005	selected	41	completed	310.4019027260001	
pulse_delayed_s0p005	selected	42	completed	456.8046468850007	
pulse_delayed_s0p005	selected	43	completed	229.7587905649998	
pulse_delayed_s0p005	selected	44	completed	306.3328931819997	
pulse_delayed_s0p005	selected	45	completed	479.66640668000036	
pulse_delayed_s0p005	selected	46	completed	239.02021289700133	
pulse_delayed_s0p005	selected	47	completed	791.3950273459996	
pulse_delayed_s0p005	selected	48	completed	1257.169173487	
pulse_delayed_s0p005	selected	49	completed	468.9931562040001	
pulse_delayed_s0p005	selected	50	completed	235.77832016199864	
pulse_delayed_s0p005	selected	51	completed	246.61428065499967	
pulse_delayed_s0p005	selected	52	completed	490.01676364099876	
pulse_delayed_s0p005	selected	53	completed	1098.1046162349994	
pulse_delayed_s0p005	selected	54	completed	397.3042714669991	
pulse_delayed_s0p005	selected	55	completed	326.48781924099967	
pulse_delayed_s0p005	selected	56	completed	774.6658380520003	
pulse_delayed_s0p005	selected	57	completed	561.7588010979998	
pulse_delayed_s0p005	selected	58	completed	493.2478158590002	
pulse_delayed_s0p005	selected	59	completed	250.19561704900116	
pulse_delayed_s0p005	selected	60	completed	545.4745297139998	
pulse_delayed_s0p005	selected	61	completed	538.8763607919991	
pulse_delayed_s0p005	selected	62	completed	310.56235626499983	
pulse_delayed_s0p005	selected	63	completed	230.24867492799967	
pulse_delayed_s0p005	selected	64	completed	306.8513867169986	
pulse_delayed_s0p005	selected	65	completed	447.70347969999966	
pulse_delayed_s0p005	selected	66	completed	308.4914233719992	
pulse_delayed_s0p005	selected	67	completed	240.94070820300112	
pulse_delayed_s0p005	selected	68	completed	230.02824808400146	
pulse_delayed_s0p005	selected	69	completed	366.44310036800016	
pulse_delayed_s0p005	selected	70	completed	547.6759541430001	
pulse_delayed_s0p005	selected	71	completed	570.713007245	
pulse_delayed_s0p005	selected	72	completed	295.31956964500023	
pulse_delayed_s0p005	selected	73	completed	299.56436921599925	
pulse_delayed_s0p005	selected	74	completed	983.9646828590012	
pulse_delayed_s0p005	selected	75	completed	482.09669236800073	
pulse_delayed_s0p005	selected	76	completed	1349.537557566	
pulse_delayed_s0p005	selected	77	completed	529.8645499859995	
pulse_delayed_s0p005	selected	78	completed	960.4823585230006	
pulse_delayed_s0p005	selected	79	completed	1121.965441462	
pulse_delayed_s0p005	selected	80	completed	315.5251520340007	
pulse_delayed_s0p005	selected	81	completed	240.42423737699937	
pulse_delayed_s0p005	selected	82	completed	1072.8682902010005	
pulse_delayed_s0p005	selected	83	completed	245.7327219130002	
pulse_delayed_s0p005	selected	84	completed	668.765286505999	
pulse_delayed_s0p005	selected	85	completed	877.3783843199999	
pulse_delayed_s0p005	selected	86	completed	412.70036708000043	
pulse_delayed_s0p005	selected	87	completed	338.7267081650007	
pulse_delayed_s0p005	selected	88	completed	248.100411636	
pulse_delayed_s0p005	selected	89	completed	315.15952000499965	
pulse_delayed_s0p005	selected	90	completed	307.26329972799977	
pulse_delayed_s0p005	selected	91	completed	581.2144954859996	
pulse_delayed_s0p005	selected	92	completed	640.6390533220001	
pulse_delayed_s0p005	selected	93	completed	249.58036848400116	
pulse_delayed_s0p005	selected	94	completed	1050.761391008	
pulse_delayed_s0p005	selected	95	completed	768.5824991400004	
pulse_delayed_s0p005	selected	96	completed	819.4475512640001	
pulse_delayed_s0p005	selected	97	completed	1187.1162270799996	
pulse_delayed_s0p005	selected	98	completed	494.0530660299992	
pulse_delayed_s0p005	selected	99	completed	903.5176213949999	
denovo_s0p003	selected	0	completed	272.90202159900036	
denovo_s0p003	selected	1	completed	262.20646341999964	
denovo_s0p003	selected	2	completed	290.1912896829999	
denovo_s0p003	selected	3	completed	256.5061163089995	
denovo_s0p003	selected	4	completed	245.45552859100098	
denovo_s0p003	selected	5	completed	236.35861223699976	
denovo_s0p003	selected	6	completed	237.91159204399992	
denovo_s0p003	selected	7	completed	239.53627341799984	
denovo_s0p003	selected	8	completed	223.44686264900156	
denovo_s0p003	selected	9	completed	212.461717012	
denovo_s0p003	selected	10	completed	227.58672246400056	
denovo_s0p003	selected	11	completed	218.76769576900006	
denovo_s0p003	selected	12	completed	213.81358851500045	
denovo_s0p003	selected	13	completed	219.66563981199943	
denovo_s0p003	selected	14	completed	218.5932315809987	
denovo_s0p003	selected	15	completed	211.7786496179997	
denovo_s0p003	selected	16	completed	205.7224250500003	
denovo_s0p003	selected	17	completed	206.04165708599976	
denovo_s0p003	selected	18	completed	225.07036349100053	
denovo_s0p003	selected	19	completed	214.97148370899959	
denovo_s0p003	selected	20	completed	211.6883522699991	
denovo_s0p003	selected	21	completed	198.27650709699992	
denovo_s0p003	selected	22	completed	202.34450114299943	
denovo_s0p003	selected	23	completed	194.64103827300096	
denovo_s0p003	selected	24	completed	201.66656694599988	
denovo_s0p003	selected	25	completed	189.22465886200007	
denovo_s0p003	selected	26	completed	196.11357857300027	
denovo_s0p003	selected	27	completed	192.5278378640014	
denovo_s0p003	selected	28	completed	194.12603547300023	
denovo_s0p003	selected	29	completed	194.0360691800015	
denovo_s0p003	selected	30	completed	207.8632265360011	
denovo_s0p003	selected	31	completed	201.1832991779993	
denovo_s0p003	selected	32	completed	189.68804489399918	
denovo_s0p003	selected	33	completed	210.84409559900087	
denovo_s0p003	selected	34	completed	226.48094126599972	
denovo_s0p003	selected	35	completed	189.73986962699928	
denovo_s0p003	selected	36	completed	193.04391714099984	
denovo_s0p003	selected	37	completed	193.10365790800097	
denovo_s0p003	selected	38	completed	192.1425813780006	
denovo_s0p003	selected	39	completed	190.115776016999	
denovo_s0p003	selected	40	completed	192.0606614799999	
denovo_s0p003	selected	41	completed	193.36478739599988	
denovo_s0p003	selected	42	completed	174.70625928499976	
denovo_s0p003	selected	43	completed	182.33960562099855	
denovo_s0p003	selected	44	completed	190.03525670099953	
denovo_s0p003	selected	45	completed	179.9548256020007	
denovo_s0p003	selected	46	completed	173.20689612499882	
denovo_s0p003	selected	47	completed	178.99070424599995	
denovo_s0p003	selected	48	completed	179.3658644240004	
denovo_s0p003	selected	49	completed	181.11878487399918	
denovo_s0p003	selected	50	completed	179.03834328099947	
denovo_s0p003	selected	51	completed	189.81981821199952	
denovo_s0p003	selected	52	completed	181.4467755379992	
denovo_s0p003	selected	53	completed	195.18012412399912	
denovo_s0p003	selected	54	completed	196.11650882100002	
denovo_s0p003	selected	55	completed	177.3250478300015	
denovo_s0p003	selected	56	completed	194.22770132500045	
denovo_s0p003	selected	57	completed	179.74868793099995	
denovo_s0p003	selected	58	completed	182.6102255320002	
denovo_s0p003	selected	59	completed	182.5501661899998	
denovo_s0p003	selected	60	completed	180.74446343199998	
denovo_s0p003	selected	61	completed	174.7536389270008	
denovo_s0p003	selected	62	completed	165.95005566599866	
denovo_s0p003	selected	63	completed	184.24742173400045	
denovo_s0p003	selected	64	completed	181.79427628300073	
denovo_s0p003	selected	65	completed	174.59360518299945	
denovo_s0p003	selected	66	completed	184.06416773699857	
denovo_s0p003	selected	67	completed	177.12385819100018	
denovo_s0p003	selected	68	completed	180.84713081100017	
denovo_s0p003	selected	69	completed	181.81941376199939	
denovo_s0p003	selected	70	completed	188.677127818999	
denovo_s0p003	selected	71	completed	192.34519024899964	
denovo_s0p003	selected	72	completed	193.661514894	
denovo_s0p003	selected	73	completed	180.66628641699936	
denovo_s0p003	selected	74	completed	182.8382054199992	
denovo_s0p003	selected	75	completed	184.21884118599883	
denovo_s0p003	selected	76	completed	175.87640522500078	
denovo_s0p003	selected	77	completed	182.6168329659995	
denovo_s0p003	selected	78	completed	179.69638382599987	
denovo_s0p003	selected	79	completed	177.1558236810015	
denovo_s0p003	selected	80	completed	178.61045005699998	
denovo_s0p003	selected	81	completed	169.1409246409985	
denovo_s0p003	selected	82	completed	175.3151087540009	
denovo_s0p003	selected	83	completed	164.59771943800115	
denovo_s0p003	selected	84	completed	164.34958479899979	
denovo_s0p003	selected	85	completed	181.64306960500107	
denovo_s0p003	selected	86	completed	171.69767741500073	
denovo_s0p003	selected	87	completed	181.66127844100083	
denovo_s0p003	selected	88	completed	190.9457707390011	
denovo_s0p003	selected	89	completed	172.04788917000042	
denovo_s0p003	selected	90	completed	179.71294148000015	
denovo_s0p003	selected	91	completed	177.42627524199997	
denovo_s0p003	selected	92	completed	192.37981725200007	
denovo_s0p003	selected	93	completed	189.2320894780005	
denovo_s0p003	selected	94	completed	187.02682484999968	
denovo_s0p003	selected	95	completed	204.3961980210006	
denovo_s0p003	selected	96	completed	180.72443919800025	
denovo_s0p003	selected	97	completed	187.41606706199855	
denovo_s0p003	selected	98	completed	185.1066689849995	
denovo_s0p003	selected	99	completed	186.82627803799915	
denovo_s0p004	selected	0	completed	182.71049246500115	
denovo_s0p004	selected	1	completed	186.12727910499962	
denovo_s0p004	selected	2	completed	187.96550717599894	
denovo_s0p004	selected	3	completed	174.53154069500124	
denovo_s0p004	selected	4	completed	170.12266260899924	
denovo_s0p004	selected	5	completed	196.80330201700053	
denovo_s0p004	selected	6	completed	180.0065862699994	
denovo_s0p004	selected	7	completed	185.57353289399907	
denovo_s0p004	selected	8	completed	177.4274519970004	
denovo_s0p004	selected	9	completed	201.54102015999888	
denovo_s0p004	selected	10	completed	183.32199385100103	
denovo_s0p004	selected	11	completed	190.81566014300006	
denovo_s0p004	selected	12	completed	183.31812386099955	
denovo_s0p004	selected	13	completed	182.91553711099914	
denovo_s0p004	selected	14	completed	185.9108137029998	
denovo_s0p004	selected	15	completed	182.6539751399996	
denovo_s0p004	selected	16	completed	183.9237241130013	
denovo_s0p004	selected	17	completed	192.05503747700095	
denovo_s0p004	selected	18	completed	182.3587867419992	
denovo_s0p004	selected	19	completed	184.0900179429991	
denovo_s0p004	selected	20	completed	182.0104003590004	
denovo_s0p004	selected	21	completed	188.3972353909994	
denovo_s0p004	selected	22	completed	198.58768865399907	
denovo_s0p004	selected	23	completed	179.8099396589987	
denovo_s0p004	selected	24	completed	166.03031447300054	
denovo_s0p004	selected	25	completed	177.87200623300123	
denovo_s0p004	selected	26	completed	173.29811935600083	
denovo_s0p004	selected	27	completed	176.28043274099946	
denovo_s0p004	selected	28	completed	176.24114990599992	
denovo_s0p004	selected	29	completed	177.40045449600075	
denovo_s0p004	selected	30	completed	187.3635641839992	
denovo_s0p004	selected	31	completed	187.83379864699964	
denovo_s0p004	selected	32	completed	211.47063207599967	
denovo_s0p004	selected	33	completed	188.5536244670002	
denovo_s0p004	selected	34	completed	193.48619399900053	
denovo_s0p004	selected	35	completed	186.94775761500023	
denovo_s0p004	selected	36	completed	196.56744828900082	
denovo_s0p004	selected	37	completed	190.92773843400028	
denovo_s0p004	selected	38	completed	186.39497214199946	
denovo_s0p004	selected	39	completed	185.76379804800126	
denovo_s0p004	selected	40	completed	187.40933833500094	
denovo_s0p004	selected	41	completed	185.6319064599993	
denovo_s0p004	selected	42	completed	177.38940633899983	
denovo_s0p004	selected	43	completed	182.30187800299973	
denovo_s0p004	selected	44	completed	173.63660715200058	
denovo_s0p004	selected	45	completed	186.92930625499866	
denovo_s0p004	selected	46	completed	172.58459260600102	
denovo_s0p004	selected	47	completed	169.7701211120002	
denovo_s0p004	selected	48	completed	172.89604682400022	
denovo_s0p004	selected	49	completed	177.4670724589996	
denovo_s0p004	selected	50	completed	201.55352224799935	
denovo_s0p004	selected	51	completed	196.83774491700024	
denovo_s0p004	selected	52	completed	192.3898093280004	
denovo_s0p004	selected	53	completed	186.69064901300044	
denovo_s0p004	selected	54	completed	191.99719537099918	
denovo_s0p004	selected	55	completed	190.29223811500015	
denovo_s0p004	selected	56	completed	189.88320774099884	
denovo_s0p004	selected	57	completed	188.8862373869997	
denovo_s0p004	selected	58	completed	185.19089613899996	
denovo_s0p004	selected	59	completed	190.04862843199953	
denovo_s0p004	selected	60	completed	187.5924506370011	
denovo_s0p004	selected	61	completed	187.72853853999914	
denovo_s0p004	selected	62	completed	180.81887690099938	
denovo_s0p004	selected	63	completed	183.1118893060011	
denovo_s0p004	selected	64	completed	184.65477139499853	
denovo_s0p004	selected	65	completed	167.42174421799973	
denovo_s0p004	selected	66	completed	172.36352843999884	
denovo_s0p004	selected	67	completed	171.10800052200102	
denovo_s0p004	selected	68	completed	170.57156373600083	
denovo_s0p004	selected	69	completed	177.73056660200018	
denovo_s0p004	selected	70	completed	187.33360072399955	
denovo_s0p004	selected	71	completed	195.49628796599973	
denovo_s0p004	selected	72	completed	185.88451342400003	
denovo_s0p004	selected	73	completed	196.20653413299988	
denovo_s0p004	selected	74	completed	193.4964623220003	
denovo_s0p004	selected	75	completed	193.60840129700046	
denovo_s0p004	selected	76	completed	190.70536212499974	
denovo_s0p004	selected	77	completed	188.8225556289999	
denovo_s0p004	selected	78	completed	197.25990192000063	
denovo_s0p004	selected	79	completed	188.9335706410002	
denovo_s0p004	selected	80	completed	204.5604735399993	
denovo_s0p004	selected	81	completed	200.867997972	
denovo_s0p004	selected	82	completed	187.7730696489998	
denovo_s0p004	selected	83	completed	185.55791630400017	
denovo_s0p004	selected	84	completed	189.57174965599916	
denovo_s0p004	selected	85	completed	172.94393795799988	
denovo_s0p004	selected	86	completed	179.63664216699908	
denovo_s0p004	selected	87	completed	172.5677854610003	
denovo_s0p004	selected	88	completed	168.31180399999903	
denovo_s0p004	selected	89	completed	171.6288525680011	
denovo_s0p004	selected	90	completed	173.8301942779999	
denovo_s0p004	selected	91	completed	191.7775644960002	
denovo_s0p004	selected	92	completed	189.65434802799973	
denovo_s0p004	selected	93	completed	189.17932020099943	
denovo_s0p004	selected	94	completed	191.92388313399897	
denovo_s0p004	selected	95	completed	188.8074112860013	
denovo_s0p004	selected	96	completed	192.45417261200055	
denovo_s0p004	selected	97	completed	190.81405568100126	
denovo_s0p004	selected	98	completed	195.95202610100023	
denovo_s0p004	selected	99	completed	186.12783056300032	
denovo_s0p005	selected	0	completed	187.06785874099842	
denovo_s0p005	selected	1	completed	185.64308454099955	
denovo_s0p005	selected	2	completed	183.62678443299956	
denovo_s0p005	selected	3	completed	188.3588789080004	
denovo_s0p005	selected	4	completed	187.20984635700006	
denovo_s0p005	selected	5	completed	178.78731329000038	
denovo_s0p005	selected	6	completed	172.65132414900108	
denovo_s0p005	selected	7	completed	172.40419841400035	
denovo_s0p005	selected	8	completed	168.1890781860002	
denovo_s0p005	selected	9	completed	176.60670829400078	
denovo_s0p005	selected	10	completed	177.9969094449989	
denovo_s0p005	selected	11	completed	194.2567348019984	
denovo_s0p005	selected	12	completed	187.18794429399895	
denovo_s0p005	selected	13	completed	197.13329845600128	
denovo_s0p005	selected	14	completed	193.24307464100093	
denovo_s0p005	selected	15	completed	193.97196653799983	
denovo_s0p005	selected	16	completed	196.03358999099873	
denovo_s0p005	selected	17	completed	196.5344890819997	
denovo_s0p005	selected	18	completed	189.69195242100068	
denovo_s0p005	selected	19	completed	192.33078931900127	
denovo_s0p005	selected	20	completed	192.57295365499886	
denovo_s0p005	selected	21	completed	190.37924965599996	
denovo_s0p005	selected	22	completed	193.10435111900006	
denovo_s0p005	selected	23	completed	188.21683980600028	
denovo_s0p005	selected	24	completed	187.15498240300076	
denovo_s0p005	selected	25	completed	187.95953600100074	
denovo_s0p005	selected	26	completed	185.36184926200076	
denovo_s0p005	selected	27	completed	187.04473980799958	
denovo_s0p005	selected	28	completed	189.6447667880002	
denovo_s0p005	selected	29	completed	161.14029106400085	
denovo_s0p005	selected	30	completed	186.17552753500058	
denovo_s0p005	selected	31	completed	197.07269335399906	
denovo_s0p005	selected	32	completed	192.11524341599943	
denovo_s0p005	selected	33	completed	198.28986114300096	
denovo_s0p005	selected	34	completed	193.24130245199922	
denovo_s0p005	selected	35	completed	189.86347864299933	
denovo_s0p005	selected	36	completed	194.3223059310003	
denovo_s0p005	selected	37	completed	197.62430135999966	
denovo_s0p005	selected	38	completed	192.07061027200143	
denovo_s0p005	selected	39	completed	196.36515750599938	
denovo_s0p005	selected	40	completed	212.41079870000067	
denovo_s0p005	selected	41	completed	201.09935095900073	
denovo_s0p005	selected	42	completed	191.18921583200063	
denovo_s0p005	selected	43	completed	189.52526013999886	
denovo_s0p005	selected	44	completed	195.66652665699985	
denovo_s0p005	selected	45	completed	194.83929670399993	
denovo_s0p005	selected	46	completed	191.49474307700075	
denovo_s0p005	selected	47	completed	190.01241117800055	
denovo_s0p005	selected	48	completed	195.40420137899855	
denovo_s0p005	selected	49	completed	170.136681598	
denovo_s0p005	selected	50	completed	178.6849850790004	
denovo_s0p005	selected	51	completed	193.54306522700062	
denovo_s0p005	selected	52	completed	186.214779412001	
denovo_s0p005	selected	53	completed	186.77143025199803	
denovo_s0p005	selected	54	completed	195.18128376200002	
denovo_s0p005	selected	55	completed	193.8936828449987	
denovo_s0p005	selected	56	completed	198.91038111099806	
denovo_s0p005	selected	57	completed	199.390585860001	
denovo_s0p005	selected	58	completed	192.08546856700013	
denovo_s0p005	selected	59	completed	195.42091812599938	
denovo_s0p005	selected	60	completed	192.54159255000195	
denovo_s0p005	selected	61	completed	195.5616843859989	
denovo_s0p005	selected	62	completed	191.94850854099968	
denovo_s0p005	selected	63	completed	189.5309156020012	
denovo_s0p005	selected	64	completed	190.13489074700192	
denovo_s0p005	selected	65	completed	190.37251846500112	
denovo_s0p005	selected	66	completed	191.461998802999	
denovo_s0p005	selected	67	completed	184.3452101210005	
denovo_s0p005	selected	68	completed	188.248608427999	
denovo_s0p005	selected	69	completed	185.02004344200031	
denovo_s0p005	selected	70	completed	163.4271209289982	
denovo_s0p005	selected	71	completed	189.51089356999728	
denovo_s0p005	selected	72	completed	188.06886341399877	
denovo_s0p005	selected	73	completed	187.84829383299802	
denovo_s0p005	selected	74	completed	194.78649208299976	
denovo_s0p005	selected	75	completed	196.66835382000136	
denovo_s0p005	selected	76	completed	184.33207863900316	
denovo_s0p005	selected	77	completed	199.31481846300085	
denovo_s0p005	selected	78	completed	196.516761390998	
denovo_s0p005	selected	79	completed	199.61655679900286	
denovo_s0p005	selected	80	completed	194.25435542700143	
denovo_s0p005	selected	81	completed	194.7204700049988	
denovo_s0p005	selected	82	completed	203.88539241800027	
denovo_s0p005	selected	83	completed	198.13964883600056	
denovo_s0p005	selected	84	completed	198.22278047899817	
denovo_s0p005	selected	85	completed	194.88313112200194	
denovo_s0p005	selected	86	completed	196.33460614300202	
denovo_s0p005	selected	87	completed	199.08681916099886	
denovo_s0p005	selected	88	completed	190.72439727399978	
denovo_s0p005	selected	89	completed	188.9897322600009	
denovo_s0p005	selected	90	completed	177.39498999200077	
denovo_s0p005	selected	91	completed	189.5628598459989	
denovo_s0p005	selected	92	completed	184.5833289990005	
denovo_s0p005	selected	93	completed	184.99697362200095	
denovo_s0p005	selected	94	completed	180.70005383999887	
denovo_s0p005	selected	95	completed	208.24285238000084	
denovo_s0p005	selected	96	completed	196.7904236229988	
denovo_s0p005	selected	97	completed	198.40558225900168	
denovo_s0p005	selected	98	completed	196.71167804599827	
denovo_s0p005	selected	99	completed	194.70927186900008	
denovo_delayed_s0p01	selected	0	completed	195.31099802400058	
denovo_delayed_s0p01	selected	1	completed	195.1362635810001	
denovo_delayed_s0p01	selected	2	completed	192.06080958500024	
denovo_delayed_s0p01	selected	3	completed	192.92081563600004	
denovo_delayed_s0p01	selected	4	completed	197.5049003540007	
denovo_delayed_s0p01	selected	5	completed	191.89612123000188	
denovo_delayed_s0p01	selected	6	completed	194.5208219390006	
denovo_delayed_s0p01	selected	7	completed	192.68140944599872	
denovo_delayed_s0p01	selected	8	completed	187.1251042240001	
denovo_delayed_s0p01	selected	9	completed	186.56362987899774	
denovo_delayed_s0p01	selected	10	completed	166.78050901000097	
denovo_delayed_s0p01	selected	11	completed	175.14396972999748	
denovo_delayed_s0p01	selected	12	completed	173.96573747100047	
denovo_delayed_s0p01	selected	13	completed	179.45809983100116	
denovo_delayed_s0p01	selected	14	completed	178.86776588499924	
denovo_delayed_s0p01	selected	15	completed	198.1636147579993	
denovo_delayed_s0p01	selected	16	completed	191.20570335500088	
denovo_delayed_s0p01	selected	17	completed	190.07374725800037	
denovo_delayed_s0p01	selected	18	completed	196.85036733000015	
denovo_delayed_s0p01	selected	19	completed	194.94596175100014	
denovo_delayed_s0p01	selected	20	completed	185.70845405199725	
denovo_delayed_s0p01	selected	21	completed	191.92760014999658	
denovo_delayed_s0p01	selected	22	completed	195.83643090899932	
denovo_delayed_s0p01	selected	23	completed	192.018667979999	
denovo_delayed_s0p01	selected	24	completed	193.06115404799857	
denovo_delayed_s0p01	selected	25	completed	197.77491748600005	
denovo_delayed_s0p01	selected	26	completed	188.1446158079998	
denovo_delayed_s0p01	selected	27	completed	193.00207753999712	
denovo_delayed_s0p01	selected	28	completed	192.06444582699987	
denovo_delayed_s0p01	selected	29	completed	188.78314100400166	
denovo_delayed_s0p01	selected	30	completed	175.8377756310001	
denovo_delayed_s0p01	selected	31	completed	170.97221205900132	
denovo_delayed_s0p01	selected	32	completed	176.28625803199975	
denovo_delayed_s0p01	selected	33	completed	170.99516519900135	
denovo_delayed_s0p01	selected	34	completed	169.44541524700253	
denovo_delayed_s0p01	selected	35	completed	176.22148184400066	
denovo_delayed_s0p01	selected	36	completed	185.5589281299981	
denovo_delayed_s0p01	selected	37	completed	184.2483727100007	
denovo_delayed_s0p01	selected	38	completed	186.50589551800294	
denovo_delayed_s0p01	selected	39	completed	182.8207438260033	
denovo_delayed_s0p01	selected	40	completed	187.1190712719981	
denovo_delayed_s0p01	selected	41	completed	184.95047219299886	
denovo_delayed_s0p01	selected	42	completed	186.77622229100234	
denovo_delayed_s0p01	selected	43	completed	182.95615179999731	
denovo_delayed_s0p01	selected	44	completed	184.03881381300016	
denovo_delayed_s0p01	selected	45	completed	184.47263816199847	
denovo_delayed_s0p01	selected	46	completed	186.35087750099774	
denovo_delayed_s0p01	selected	47	completed	184.95502184100042	
denovo_delayed_s0p01	selected	48	completed	186.42567109100128	
denovo_delayed_s0p01	selected	49	completed	182.49056715700135	
denovo_delayed_s0p01	selected	50	completed	174.91677363100098	
denovo_delayed_s0p01	selected	51	completed	159.04933027199877	
denovo_delayed_s0p01	selected	52	completed	168.8591602839988	
denovo_delayed_s0p01	selected	53	completed	170.82436516400048	
denovo_delayed_s0p01	selected	54	completed	173.49119241300286	
denovo_delayed_s0p01	selected	55	completed	171.84613083599834	
denovo_delayed_s0p01	selected	56	completed	185.4897840779995	
denovo_delayed_s0p01	selected	57	completed	187.14047463700263	
denovo_delayed_s0p01	selected	58	completed	184.49424834599995	
denovo_delayed_s0p01	selected	59	completed	182.6624613760032	
denovo_delayed_s0p01	selected	60	completed	186.7541796880032	
denovo_delayed_s0p01	selected	61	completed	180.23714137000206	
denovo_delayed_s0p01	selected	62	completed	185.47491053200065	
denovo_delayed_s0p01	selected	63	completed	182.70873095999923	
denovo_delayed_s0p01	selected	64	completed	176.44655887800036	
denovo_delayed_s0p01	selected	65	completed	179.21636020000005	
denovo_delayed_s0p01	selected	66	completed	181.49467536299926	
denovo_delayed_s0p01	selected	67	completed	184.14633804199912	
denovo_delayed_s0p01	selected	68	completed	181.9886528120005	
denovo_delayed_s0p01	selected	69	completed	183.3651638420015	
denovo_delayed_s0p01	selected	70	completed	182.80741017200125	
denovo_delayed_s0p01	selected	71	completed	160.10962792600185	
denovo_delayed_s0p01	selected	72	completed	157.29545687299833	
denovo_delayed_s0p01	selected	73	completed	159.48160234399984	
denovo_delayed_s0p01	selected	74	completed	149.27206587800174	
denovo_delayed_s0p01	selected	75	completed	178.0068494590014	
denovo_delayed_s0p01	selected	76	completed	180.74316042300052	
denovo_delayed_s0p01	selected	77	completed	183.9038522560004	
denovo_delayed_s0p01	selected	78	completed	180.57863578999968	
denovo_delayed_s0p01	selected	79	completed	184.11525138199795	
denovo_delayed_s0p01	selected	80	completed	184.05714120799894	
denovo_delayed_s0p01	selected	81	completed	184.71747512300135	
denovo_delayed_s0p01	selected	82	completed	183.19188317399676	
denovo_delayed_s0p01	selected	83	completed	179.56290854899999	
denovo_delayed_s0p01	selected	84	completed	178.10122485600004	
denovo_delayed_s0p01	selected	85	completed	178.08958635400268	
denovo_delayed_s0p01	selected	86	completed	182.7882268909998	
denovo_delayed_s0p01	selected	87	completed	186.5183167159994	
denovo_delayed_s0p01	selected	88	completed	177.80752068100264	
denovo_delayed_s0p01	selected	89	completed	185.4945087360029	
denovo_delayed_s0p01	selected	90	completed	179.71871132500019	
denovo_delayed_s0p01	selected	91	completed	153.5604163809985	
denovo_delayed_s0p01	selected	92	completed	148.54561559500144	
denovo_delayed_s0p01	selected	93	completed	148.42155198000182	
denovo_delayed_s0p01	selected	94	completed	152.38184254999942	
denovo_delayed_s0p01	selected	95	completed	177.40479334799966	
denovo_delayed_s0p01	selected	96	completed	190.25813855799788	
denovo_delayed_s0p01	selected	97	completed	187.9105096710009	
denovo_delayed_s0p01	selected	98	completed	186.35136326700012	
denovo_delayed_s0p01	selected	99	completed	188.71893579300013	
denovo_delayed_s0p05	selected	0	completed	192.96977053199953	
denovo_delayed_s0p05	selected	1	completed	193.9736115520027	
denovo_delayed_s0p05	selected	2	completed	188.98610294600076	
denovo_delayed_s0p05	selected	3	completed	187.93331836100333	
denovo_delayed_s0p05	selected	4	completed	193.38480098599757	
denovo_delayed_s0p05	selected	5	completed	191.56668156899832	
denovo_delayed_s0p05	selected	6	completed	191.6210570860021	
denovo_delayed_s0p05	selected	7	completed	188.2936245480014	
denovo_delayed_s0p05	selected	8	completed	189.00164019099975	
denovo_delayed_s0p05	selected	9	completed	185.62315840800147	
denovo_delayed_s0p05	selected	10	completed	183.35538858699874	
denovo_delayed_s0p05	selected	11	completed	170.81043065500126	
denovo_delayed_s0p05	selected	12	completed	165.41777849400023	
denovo_delayed_s0p05	selected	13	completed	160.59181040600015	
denovo_delayed_s0p05	selected	14	completed	163.38637895000284	
denovo_delayed_s0p05	selected	15	completed	173.00118680599917	
denovo_delayed_s0p05	selected	16	completed	189.40947620799852	
denovo_delayed_s0p05	selected	17	completed	184.14589525200063	
denovo_delayed_s0p05	selected	18	completed	191.97178233199884	
denovo_delayed_s0p05	selected	19	completed	190.05803030300012	
denovo_delayed_s0p05	selected	20	completed	196.5845830979997	
denovo_delayed_s0p05	selected	21	completed	193.26174269699914	
denovo_delayed_s0p05	selected	22	completed	189.54116053100006	
denovo_delayed_s0p05	selected	23	completed	191.92371955899944	
denovo_delayed_s0p05	selected	24	completed	190.14545401799842	
denovo_delayed_s0p05	selected	25	completed	192.37821786900167	
denovo_delayed_s0p05	selected	26	completed	191.43685489599739	
denovo_delayed_s0p05	selected	27	completed	191.84929196599842	
denovo_delayed_s0p05	selected	28	completed	190.38072629300223	
denovo_delayed_s0p05	selected	29	completed	189.50989733800088	
denovo_delayed_s0p05	selected	30	completed	188.27361683500203	
denovo_delayed_s0p05	selected	31	completed	181.44355103400085	
denovo_delayed_s0p05	selected	32	completed	180.70600503699825	
denovo_delayed_s0p05	selected	33	completed	181.59446256999945	
denovo_delayed_s0p05	selected	34	completed	171.77529805599988	
denovo_delayed_s0p05	selected	35	completed	159.76462364399777	
denovo_delayed_s0p05	selected	36	completed	184.13880722400063	
denovo_delayed_s0p05	selected	37	completed	187.6360470949985	
denovo_delayed_s0p05	selected	38	completed	198.08668601499812	
denovo_delayed_s0p05	selected	39	completed	198.57105499399768	
denovo_delayed_s0p05	selected	40	completed	196.28496347799955	
denovo_delayed_s0p05	selected	41	completed	197.7136244889989	
denovo_delayed_s0p05	selected	42	completed	196.99956005700005	
denovo_delayed_s0p05	selected	43	completed	196.03023318399937	
denovo_delayed_s0p05	selected	44	completed	191.2557479169991	
denovo_delayed_s0p05	selected	45	completed	195.7348036100011	
denovo_delayed_s0p05	selected	46	completed	195.1249580750009	
denovo_delayed_s0p05	selected	47	completed	194.43589525100106	
denovo_delayed_s0p05	selected	48	completed	194.35121859100036	
denovo_delayed_s0p05	selected	49	completed	194.14392881700041	
denovo_delayed_s0p05	selected	50	completed	192.78416607300096	
denovo_delayed_s0p05	selected	51	completed	193.21771697400254	
denovo_delayed_s0p05	selected	52	completed	195.30995552799868	
denovo_delayed_s0p05	selected	53	completed	190.87670232099845	
denovo_delayed_s0p05	selected	54	completed	192.62602028499896	
denovo_delayed_s0p05	selected	55	completed	150.7793082019998	
denovo_delayed_s0p05	selected	56	completed	185.13437672000146	
denovo_delayed_s0p05	selected	57	completed	181.78320221600006	
denovo_delayed_s0p05	selected	58	completed	195.10801250999793	
denovo_delayed_s0p05	selected	59	completed	192.83770448200085	
denovo_delayed_s0p05	selected	60	completed	197.01501175500016	
denovo_delayed_s0p05	selected	61	completed	194.8697468700011	
denovo_delayed_s0p05	selected	62	completed	191.60419212099805	
denovo_delayed_s0p05	selected	63	completed	192.65033866500016	
denovo_delayed_s0p05	selected	64	completed	192.62475434999942	
denovo_delayed_s0p05	selected	65	completed	189.09373144799974	
denovo_delayed_s0p05	selected	66	completed	192.20158956500018	
denovo_delayed_s0p05	selected	67	completed	191.70229553000172	
denovo_delayed_s0p05	selected	68	completed	193.0496759930029	
denovo_delayed_s0p05	selected	69	completed	191.8109097159977	
denovo_delayed_s0p05	selected	70	completed	195.61486026000057	
denovo_delayed_s0p05	selected	71	completed	191.4450820509992	
denovo_delayed_s0p05	selected	72	completed	192.7711100259985	
denovo_delayed_s0p05	selected	73	completed	188.80666706400007	
denovo_delayed_s0p05	selected	74	completed	193.63986007199856	
denovo_delayed_s0p05	selected	75	completed	161.61552891199972	
denovo_delayed_s0p05	selected	76	completed	180.51707452100163	
denovo_delayed_s0p05	selected	77	completed	176.0715743010005	
denovo_delayed_s0p05	selected	78	completed	192.0234839759978	
denovo_delayed_s0p05	selected	79	completed	189.79976210099994	
denovo_delayed_s0p05	selected	80	completed	186.82831104399884	
denovo_delayed_s0p05	selected	81	completed	189.66245141499894	
denovo_delayed_s0p05	selected	82	completed	190.6938997819998	
denovo_delayed_s0p05	selected	83	completed	192.98386627499713	
denovo_delayed_s0p05	selected	84	completed	191.1635869640013	
denovo_delayed_s0p05	selected	85	completed	192.7195452349988	
denovo_delayed_s0p05	selected	86	completed	193.80335552799806	
denovo_delayed_s0p05	selected	87	completed	192.44992239099884	
denovo_delayed_s0p05	selected	88	completed	191.19838379000066	
denovo_delayed_s0p05	selected	89	completed	189.89551291099997	
denovo_delayed_s0p05	selected	90	completed	190.53980110500197	
denovo_delayed_s0p05	selected	91	completed	192.608076479999	
denovo_delayed_s0p05	selected	92	completed	191.58902734000003	
denovo_delayed_s0p05	selected	93	completed	189.2077251720002	
denovo_delayed_s0p05	selected	94	completed	183.50354711699765	
denovo_delayed_s0p05	selected	95	completed	178.6579156100015	
denovo_delayed_s0p05	selected	96	completed	86.55024343999685	
denovo_delayed_s0p05	selected	97	completed	84.73873358700075	
denovo_delayed_s0p05	selected	98	completed	68.243632695001	
denovo_delayed_s0p05	selected	99	completed	67.53873892200136	
