calibration_id	phase	processing_mode	selection_coefficient	target_allele_frequency	population_af_lower	population_af_upper	candidate_pool_diploids	sample_diploids	exact_sample_alt_count	draw_index	seed	panel_seed	slim_scaling_factor	slim_burn_in	sequence_length_bp	focal_position_bp	origin_age_generations	origin_contract_sha256	event_contract_sha256	cell_contract_sha256	slim_sha256	status	evaluable	terminal_class	candidate_pool_alt_count	candidate_pool_af	candidate_pool_frequency_gate_passed	exact_panel_feasible	pool_band_and_panel_hit	sample_alt_count	sample_af	n_hom_ref	n_heterozygous	n_hom_alt	stdpopsim_recapitation_applied	post_slim_neutral_mutation_overlay_applied	elapsed_seconds	trajectory_sha256	panel_tree_sha256	panel_manifest_sha256	error
eas_selected__screen20__s0.005000__af0.100000__q5__draw000	screen20	focal_2bp_forward_only_no_recap_no_neutral_overlay	0.005	0.1	0.075	0.125	500	100	20	0	724417522	210686771	5.0	0.1	2	1	2038.0	0c428837bc8d1f349067c6dd5a4c3c09125e96875485b44ae851b95343bc2feb	1675660457129bcf37325eb1e8a2adccdea1644cefb0b68e792389375e226225	ba87e582a0f5e3344341e04e9da204fbc0e4db85b2616e759ce7daae055caec5	67409ff190808c2967c949cae6697bf235010dbe832389cb4976d9089b5f5e1d	failed	False	failed			False	False	False						False	False	0.08946609600025113				ValueError: draw extended-event contract differs from plan
eas_selected__screen20__s0.005000__af0.100000__q5__draw001	screen20	focal_2bp_forward_only_no_recap_no_neutral_overlay	0.005	0.1	0.075	0.125	500	100	20	1	1240590172	825240786	5.0	0.1	2	1	2038.0	0c428837bc8d1f349067c6dd5a4c3c09125e96875485b44ae851b95343bc2feb	1675660457129bcf37325eb1e8a2adccdea1644cefb0b68e792389375e226225	ba87e582a0f5e3344341e04e9da204fbc0e4db85b2616e759ce7daae055caec5	67409ff190808c2967c949cae6697bf235010dbe832389cb4976d9089b5f5e1d	failed	False	failed			False	False	False						False	False	0.08936942400032422				ValueError: draw extended-event contract differs from plan
eas_selected__screen20__s0.005000__af0.100000__q5__draw002	screen20	focal_2bp_forward_only_no_recap_no_neutral_overlay	0.005	0.1	0.075	0.125	500	100	20	2	712923043	480246696	5.0	0.1	2	1	2038.0	0c428837bc8d1f349067c6dd5a4c3c09125e96875485b44ae851b95343bc2feb	1675660457129bcf37325eb1e8a2adccdea1644cefb0b68e792389375e226225	ba87e582a0f5e3344341e04e9da204fbc0e4db85b2616e759ce7daae055caec5	67409ff190808c2967c949cae6697bf235010dbe832389cb4976d9089b5f5e1d	failed	False	failed			False	False	False						False	False	0.08083683800032304				ValueError: draw extended-event contract differs from plan
eas_selected__screen20__s0.005000__af0.100000__q5__draw003	screen20	focal_2bp_forward_only_no_recap_no_neutral_overlay	0.005	0.1	0.075	0.125	500	100	20	3	866533143	1653842498	5.0	0.1	2	1	2038.0	0c428837bc8d1f349067c6dd5a4c3c09125e96875485b44ae851b95343bc2feb	1675660457129bcf37325eb1e8a2adccdea1644cefb0b68e792389375e226225	ba87e582a0f5e3344341e04e9da204fbc0e4db85b2616e759ce7daae055caec5	67409ff190808c2967c949cae6697bf235010dbe832389cb4976d9089b5f5e1d	failed	False	failed			False	False	False						False	False	0.0793549410009291				ValueError: draw extended-event contract differs from plan
eas_selected__screen20__s0.005000__af0.100000__q5__draw004	screen20	focal_2bp_forward_only_no_recap_no_neutral_overlay	0.005	0.1	0.075	0.125	500	100	20	4	581709211	711855298	5.0	0.1	2	1	2038.0	0c428837bc8d1f349067c6dd5a4c3c09125e96875485b44ae851b95343bc2feb	1675660457129bcf37325eb1e8a2adccdea1644cefb0b68e792389375e226225	ba87e582a0f5e3344341e04e9da204fbc0e4db85b2616e759ce7daae055caec5	67409ff190808c2967c949cae6697bf235010dbe832389cb4976d9089b5f5e1d	failed	False	failed			False	False	False						False	False	0.07871923099992273				ValueError: draw extended-event contract differs from plan
eas_selected__screen20__s0.005000__af0.100000__q5__draw005	screen20	focal_2bp_forward_only_no_recap_no_neutral_overlay	0.005	0.1	0.075	0.125	500	100	20	5	908731546	1557240507	5.0	0.1	2	1	2038.0	0c428837bc8d1f349067c6dd5a4c3c09125e96875485b44ae851b95343bc2feb	1675660457129bcf37325eb1e8a2adccdea1644cefb0b68e792389375e226225	ba87e582a0f5e3344341e04e9da204fbc0e4db85b2616e759ce7daae055caec5	67409ff190808c2967c949cae6697bf235010dbe832389cb4976d9089b5f5e1d	failed	False	failed			False	False	False						False	False	0.08159966600032931				ValueError: draw extended-event contract differs from plan
eas_selected__screen20__s0.005000__af0.100000__q5__draw006	screen20	focal_2bp_forward_only_no_recap_no_neutral_overlay	0.005	0.1	0.075	0.125	500	100	20	6	1333352414	1375917205	5.0	0.1	2	1	2038.0	0c428837bc8d1f349067c6dd5a4c3c09125e96875485b44ae851b95343bc2feb	1675660457129bcf37325eb1e8a2adccdea1644cefb0b68e792389375e226225	ba87e582a0f5e3344341e04e9da204fbc0e4db85b2616e759ce7daae055caec5	67409ff190808c2967c949cae6697bf235010dbe832389cb4976d9089b5f5e1d	failed	False	failed			False	False	False						False	False	0.06206701900009648				ValueError: draw extended-event contract differs from plan
eas_selected__screen20__s0.005000__af0.100000__q5__draw007	screen20	focal_2bp_forward_only_no_recap_no_neutral_overlay	0.005	0.1	0.075	0.125	500	100	20	7	1251137640	1312919104	5.0	0.1	2	1	2038.0	0c428837bc8d1f349067c6dd5a4c3c09125e96875485b44ae851b95343bc2feb	1675660457129bcf37325eb1e8a2adccdea1644cefb0b68e792389375e226225	ba87e582a0f5e3344341e04e9da204fbc0e4db85b2616e759ce7daae055caec5	67409ff190808c2967c949cae6697bf235010dbe832389cb4976d9089b5f5e1d	failed	False	failed			False	False	False						False	False	0.058580091999829165				ValueError: draw extended-event contract differs from plan
eas_selected__screen20__s0.005000__af0.100000__q5__draw008	screen20	focal_2bp_forward_only_no_recap_no_neutral_overlay	0.005	0.1	0.075	0.125	500	100	20	8	388528659	25865836	5.0	0.1	2	1	2038.0	0c428837bc8d1f349067c6dd5a4c3c09125e96875485b44ae851b95343bc2feb	1675660457129bcf37325eb1e8a2adccdea1644cefb0b68e792389375e226225	ba87e582a0f5e3344341e04e9da204fbc0e4db85b2616e759ce7daae055caec5	67409ff190808c2967c949cae6697bf235010dbe832389cb4976d9089b5f5e1d	failed	False	failed			False	False	False						False	False	0.12745892299972184				ValueError: draw extended-event contract differs from plan
eas_selected__screen20__s0.005000__af0.100000__q5__draw009	screen20	focal_2bp_forward_only_no_recap_no_neutral_overlay	0.005	0.1	0.075	0.125	500	100	20	9	898241689	177343487	5.0	0.1	2	1	2038.0	0c428837bc8d1f349067c6dd5a4c3c09125e96875485b44ae851b95343bc2feb	1675660457129bcf37325eb1e8a2adccdea1644cefb0b68e792389375e226225	ba87e582a0f5e3344341e04e9da204fbc0e4db85b2616e759ce7daae055caec5	67409ff190808c2967c949cae6697bf235010dbe832389cb4976d9089b5f5e1d	failed	False	failed			False	False	False						False	False	0.18279856700064556				ValueError: draw extended-event contract differs from plan
eas_selected__screen20__s0.005000__af0.100000__q5__draw010	screen20	focal_2bp_forward_only_no_recap_no_neutral_overlay	0.005	0.1	0.075	0.125	500	100	20	10	391000810	1692704676	5.0	0.1	2	1	2038.0	0c428837bc8d1f349067c6dd5a4c3c09125e96875485b44ae851b95343bc2feb	1675660457129bcf37325eb1e8a2adccdea1644cefb0b68e792389375e226225	ba87e582a0f5e3344341e04e9da204fbc0e4db85b2616e759ce7daae055caec5	67409ff190808c2967c949cae6697bf235010dbe832389cb4976d9089b5f5e1d	failed	False	failed			False	False	False						False	False	0.17662775500139105				ValueError: draw extended-event contract differs from plan
eas_selected__screen20__s0.005000__af0.100000__q5__draw011	screen20	focal_2bp_forward_only_no_recap_no_neutral_overlay	0.005	0.1	0.075	0.125	500	100	20	11	1962097081	435820989	5.0	0.1	2	1	2038.0	0c428837bc8d1f349067c6dd5a4c3c09125e96875485b44ae851b95343bc2feb	1675660457129bcf37325eb1e8a2adccdea1644cefb0b68e792389375e226225	ba87e582a0f5e3344341e04e9da204fbc0e4db85b2616e759ce7daae055caec5	67409ff190808c2967c949cae6697bf235010dbe832389cb4976d9089b5f5e1d	failed	False	failed			False	False	False						False	False	0.17897487000118417				ValueError: draw extended-event contract differs from plan
eas_selected__screen20__s0.005000__af0.100000__q5__draw012	screen20	focal_2bp_forward_only_no_recap_no_neutral_overlay	0.005	0.1	0.075	0.125	500	100	20	12	1755952658	2079242554	5.0	0.1	2	1	2038.0	0c428837bc8d1f349067c6dd5a4c3c09125e96875485b44ae851b95343bc2feb	1675660457129bcf37325eb1e8a2adccdea1644cefb0b68e792389375e226225	ba87e582a0f5e3344341e04e9da204fbc0e4db85b2616e759ce7daae055caec5	67409ff190808c2967c949cae6697bf235010dbe832389cb4976d9089b5f5e1d	failed	False	failed			False	False	False						False	False	0.14036622599996917				ValueError: draw extended-event contract differs from plan
eas_selected__screen20__s0.005000__af0.100000__q5__draw013	screen20	focal_2bp_forward_only_no_recap_no_neutral_overlay	0.005	0.1	0.075	0.125	500	100	20	13	1513714385	1270755828	5.0	0.1	2	1	2038.0	0c428837bc8d1f349067c6dd5a4c3c09125e96875485b44ae851b95343bc2feb	1675660457129bcf37325eb1e8a2adccdea1644cefb0b68e792389375e226225	ba87e582a0f5e3344341e04e9da204fbc0e4db85b2616e759ce7daae055caec5	67409ff190808c2967c949cae6697bf235010dbe832389cb4976d9089b5f5e1d	failed	False	failed			False	False	False						False	False	0.13961185300104262				ValueError: draw extended-event contract differs from plan
eas_selected__screen20__s0.005000__af0.100000__q5__draw014	screen20	focal_2bp_forward_only_no_recap_no_neutral_overlay	0.005	0.1	0.075	0.125	500	100	20	14	1884054396	1516565090	5.0	0.1	2	1	2038.0	0c428837bc8d1f349067c6dd5a4c3c09125e96875485b44ae851b95343bc2feb	1675660457129bcf37325eb1e8a2adccdea1644cefb0b68e792389375e226225	ba87e582a0f5e3344341e04e9da204fbc0e4db85b2616e759ce7daae055caec5	67409ff190808c2967c949cae6697bf235010dbe832389cb4976d9089b5f5e1d	failed	False	failed			False	False	False						False	False	0.14198533300077543				ValueError: draw extended-event contract differs from plan
eas_selected__screen20__s0.005000__af0.100000__q5__draw015	screen20	focal_2bp_forward_only_no_recap_no_neutral_overlay	0.005	0.1	0.075	0.125	500	100	20	15	1722368912	190108337	5.0	0.1	2	1	2038.0	0c428837bc8d1f349067c6dd5a4c3c09125e96875485b44ae851b95343bc2feb	1675660457129bcf37325eb1e8a2adccdea1644cefb0b68e792389375e226225	ba87e582a0f5e3344341e04e9da204fbc0e4db85b2616e759ce7daae055caec5	67409ff190808c2967c949cae6697bf235010dbe832389cb4976d9089b5f5e1d	failed	False	failed			False	False	False						False	False	0.14176296500045282				ValueError: draw extended-event contract differs from plan
eas_selected__screen20__s0.005000__af0.100000__q5__draw016	screen20	focal_2bp_forward_only_no_recap_no_neutral_overlay	0.005	0.1	0.075	0.125	500	100	20	16	1400762537	1545939561	5.0	0.1	2	1	2038.0	0c428837bc8d1f349067c6dd5a4c3c09125e96875485b44ae851b95343bc2feb	1675660457129bcf37325eb1e8a2adccdea1644cefb0b68e792389375e226225	ba87e582a0f5e3344341e04e9da204fbc0e4db85b2616e759ce7daae055caec5	67409ff190808c2967c949cae6697bf235010dbe832389cb4976d9089b5f5e1d	failed	False	failed			False	False	False						False	False	0.14177030099926924				ValueError: draw extended-event contract differs from plan
eas_selected__screen20__s0.005000__af0.100000__q5__draw017	screen20	focal_2bp_forward_only_no_recap_no_neutral_overlay	0.005	0.1	0.075	0.125	500	100	20	17	1937025267	996378149	5.0	0.1	2	1	2038.0	0c428837bc8d1f349067c6dd5a4c3c09125e96875485b44ae851b95343bc2feb	1675660457129bcf37325eb1e8a2adccdea1644cefb0b68e792389375e226225	ba87e582a0f5e3344341e04e9da204fbc0e4db85b2616e759ce7daae055caec5	67409ff190808c2967c949cae6697bf235010dbe832389cb4976d9089b5f5e1d	failed	False	failed			False	False	False						False	False	0.13757351399908657				ValueError: draw extended-event contract differs from plan
eas_selected__screen20__s0.005000__af0.100000__q5__draw018	screen20	focal_2bp_forward_only_no_recap_no_neutral_overlay	0.005	0.1	0.075	0.125	500	100	20	18	493534429	680690570	5.0	0.1	2	1	2038.0	0c428837bc8d1f349067c6dd5a4c3c09125e96875485b44ae851b95343bc2feb	1675660457129bcf37325eb1e8a2adccdea1644cefb0b68e792389375e226225	ba87e582a0f5e3344341e04e9da204fbc0e4db85b2616e759ce7daae055caec5	67409ff190808c2967c949cae6697bf235010dbe832389cb4976d9089b5f5e1d	failed	False	failed			False	False	False						False	False	0.13790655100092408				ValueError: draw extended-event contract differs from plan
eas_selected__screen20__s0.005000__af0.100000__q5__draw019	screen20	focal_2bp_forward_only_no_recap_no_neutral_overlay	0.005	0.1	0.075	0.125	500	100	20	19	1526298073	1213128232	5.0	0.1	2	1	2038.0	0c428837bc8d1f349067c6dd5a4c3c09125e96875485b44ae851b95343bc2feb	1675660457129bcf37325eb1e8a2adccdea1644cefb0b68e792389375e226225	ba87e582a0f5e3344341e04e9da204fbc0e4db85b2616e759ce7daae055caec5	67409ff190808c2967c949cae6697bf235010dbe832389cb4976d9089b5f5e1d	failed	False	failed			False	False	False						False	False	0.1421647600000142				ValueError: draw extended-event contract differs from plan
eas_selected__screen20__s0.005000__af0.200000__q5__draw000	screen20	focal_2bp_forward_only_no_recap_no_neutral_overlay	0.005	0.2	0.175	0.225	500	100	40	0	976344157	1435034515	5.0	0.1	2	1	2409.0	6bfc1e42438244d3e75a20747cd4028e31c628d61d05e247084f7662de0314c2	1a99e6eede61e5c3ddfeb9ddc0e21b1cee234393fc5d12b3c668b93d9424abac	d78b9e0c6f7d1a77484af3b4d4a0a046503fa48624b0957ef590ab8ea5ca6eae	67409ff190808c2967c949cae6697bf235010dbe832389cb4976d9089b5f5e1d	failed	False	failed			False	False	False						False	False	0.14151632199900632				ValueError: draw extended-event contract differs from plan
eas_selected__screen20__s0.005000__af0.200000__q5__draw001	screen20	focal_2bp_forward_only_no_recap_no_neutral_overlay	0.005	0.2	0.175	0.225	500	100	40	1	2012915915	893422100	5.0	0.1	2	1	2409.0	6bfc1e42438244d3e75a20747cd4028e31c628d61d05e247084f7662de0314c2	1a99e6eede61e5c3ddfeb9ddc0e21b1cee234393fc5d12b3c668b93d9424abac	d78b9e0c6f7d1a77484af3b4d4a0a046503fa48624b0957ef590ab8ea5ca6eae	67409ff190808c2967c949cae6697bf235010dbe832389cb4976d9089b5f5e1d	failed	False	failed			False	False	False						False	False	0.14062831800038111				ValueError: draw extended-event contract differs from plan
eas_selected__screen20__s0.005000__af0.200000__q5__draw002	screen20	focal_2bp_forward_only_no_recap_no_neutral_overlay	0.005	0.2	0.175	0.225	500	100	40	2	1360080003	1001566256	5.0	0.1	2	1	2409.0	6bfc1e42438244d3e75a20747cd4028e31c628d61d05e247084f7662de0314c2	1a99e6eede61e5c3ddfeb9ddc0e21b1cee234393fc5d12b3c668b93d9424abac	d78b9e0c6f7d1a77484af3b4d4a0a046503fa48624b0957ef590ab8ea5ca6eae	67409ff190808c2967c949cae6697bf235010dbe832389cb4976d9089b5f5e1d	failed	False	failed			False	False	False						False	False	0.09922095900037675				ValueError: draw extended-event contract differs from plan
eas_selected__screen20__s0.005000__af0.200000__q5__draw003	screen20	focal_2bp_forward_only_no_recap_no_neutral_overlay	0.005	0.2	0.175	0.225	500	100	40	3	105411750	1823550794	5.0	0.1	2	1	2409.0	6bfc1e42438244d3e75a20747cd4028e31c628d61d05e247084f7662de0314c2	1a99e6eede61e5c3ddfeb9ddc0e21b1cee234393fc5d12b3c668b93d9424abac	d78b9e0c6f7d1a77484af3b4d4a0a046503fa48624b0957ef590ab8ea5ca6eae	67409ff190808c2967c949cae6697bf235010dbe832389cb4976d9089b5f5e1d	failed	False	failed			False	False	False						False	False	0.1001089419987693				ValueError: draw extended-event contract differs from plan
eas_selected__screen20__s0.005000__af0.200000__q5__draw004	screen20	focal_2bp_forward_only_no_recap_no_neutral_overlay	0.005	0.2	0.175	0.225	500	100	40	4	1858863136	353170748	5.0	0.1	2	1	2409.0	6bfc1e42438244d3e75a20747cd4028e31c628d61d05e247084f7662de0314c2	1a99e6eede61e5c3ddfeb9ddc0e21b1cee234393fc5d12b3c668b93d9424abac	d78b9e0c6f7d1a77484af3b4d4a0a046503fa48624b0957ef590ab8ea5ca6eae	67409ff190808c2967c949cae6697bf235010dbe832389cb4976d9089b5f5e1d	failed	False	failed			False	False	False						False	False	0.10062699199988856				ValueError: draw extended-event contract differs from plan
eas_selected__screen20__s0.005000__af0.200000__q5__draw005	screen20	focal_2bp_forward_only_no_recap_no_neutral_overlay	0.005	0.2	0.175	0.225	500	100	40	5	430455925	1131874981	5.0	0.1	2	1	2409.0	6bfc1e42438244d3e75a20747cd4028e31c628d61d05e247084f7662de0314c2	1a99e6eede61e5c3ddfeb9ddc0e21b1cee234393fc5d12b3c668b93d9424abac	d78b9e0c6f7d1a77484af3b4d4a0a046503fa48624b0957ef590ab8ea5ca6eae	67409ff190808c2967c949cae6697bf235010dbe832389cb4976d9089b5f5e1d	failed	False	failed			False	False	False						False	False	0.0945637570002873				ValueError: draw extended-event contract differs from plan
eas_selected__screen20__s0.005000__af0.200000__q5__draw006	screen20	focal_2bp_forward_only_no_recap_no_neutral_overlay	0.005	0.2	0.175	0.225	500	100	40	6	1231830424	2102230715	5.0	0.1	2	1	2409.0	6bfc1e42438244d3e75a20747cd4028e31c628d61d05e247084f7662de0314c2	1a99e6eede61e5c3ddfeb9ddc0e21b1cee234393fc5d12b3c668b93d9424abac	d78b9e0c6f7d1a77484af3b4d4a0a046503fa48624b0957ef590ab8ea5ca6eae	67409ff190808c2967c949cae6697bf235010dbe832389cb4976d9089b5f5e1d	failed	False	failed			False	False	False						False	False	0.09525084199958656				ValueError: draw extended-event contract differs from plan
eas_selected__screen20__s0.005000__af0.200000__q5__draw007	screen20	focal_2bp_forward_only_no_recap_no_neutral_overlay	0.005	0.2	0.175	0.225	500	100	40	7	1892870673	616145719	5.0	0.1	2	1	2409.0	6bfc1e42438244d3e75a20747cd4028e31c628d61d05e247084f7662de0314c2	1a99e6eede61e5c3ddfeb9ddc0e21b1cee234393fc5d12b3c668b93d9424abac	d78b9e0c6f7d1a77484af3b4d4a0a046503fa48624b0957ef590ab8ea5ca6eae	67409ff190808c2967c949cae6697bf235010dbe832389cb4976d9089b5f5e1d	failed	False	failed			False	False	False						False	False	0.0894578930001444				ValueError: draw extended-event contract differs from plan
eas_selected__screen20__s0.005000__af0.200000__q5__draw008	screen20	focal_2bp_forward_only_no_recap_no_neutral_overlay	0.005	0.2	0.175	0.225	500	100	40	8	1796613363	674658291	5.0	0.1	2	1	2409.0	6bfc1e42438244d3e75a20747cd4028e31c628d61d05e247084f7662de0314c2	1a99e6eede61e5c3ddfeb9ddc0e21b1cee234393fc5d12b3c668b93d9424abac	d78b9e0c6f7d1a77484af3b4d4a0a046503fa48624b0957ef590ab8ea5ca6eae	67409ff190808c2967c949cae6697bf235010dbe832389cb4976d9089b5f5e1d	failed	False	failed			False	False	False						False	False	0.12276334099988162				ValueError: draw extended-event contract differs from plan
eas_selected__screen20__s0.005000__af0.200000__q5__draw009	screen20	focal_2bp_forward_only_no_recap_no_neutral_overlay	0.005	0.2	0.175	0.225	500	100	40	9	609880839	218699009	5.0	0.1	2	1	2409.0	6bfc1e42438244d3e75a20747cd4028e31c628d61d05e247084f7662de0314c2	1a99e6eede61e5c3ddfeb9ddc0e21b1cee234393fc5d12b3c668b93d9424abac	d78b9e0c6f7d1a77484af3b4d4a0a046503fa48624b0957ef590ab8ea5ca6eae	67409ff190808c2967c949cae6697bf235010dbe832389cb4976d9089b5f5e1d	failed	False	failed			False	False	False						False	False	0.12648539099973277				ValueError: draw extended-event contract differs from plan
eas_selected__screen20__s0.005000__af0.200000__q5__draw010	screen20	focal_2bp_forward_only_no_recap_no_neutral_overlay	0.005	0.2	0.175	0.225	500	100	40	10	923479845	2137400800	5.0	0.1	2	1	2409.0	6bfc1e42438244d3e75a20747cd4028e31c628d61d05e247084f7662de0314c2	1a99e6eede61e5c3ddfeb9ddc0e21b1cee234393fc5d12b3c668b93d9424abac	d78b9e0c6f7d1a77484af3b4d4a0a046503fa48624b0957ef590ab8ea5ca6eae	67409ff190808c2967c949cae6697bf235010dbe832389cb4976d9089b5f5e1d	failed	False	failed			False	False	False						False	False	0.11606085399944277				ValueError: draw extended-event contract differs from plan
eas_selected__screen20__s0.005000__af0.200000__q5__draw011	screen20	focal_2bp_forward_only_no_recap_no_neutral_overlay	0.005	0.2	0.175	0.225	500	100	40	11	688349902	495062317	5.0	0.1	2	1	2409.0	6bfc1e42438244d3e75a20747cd4028e31c628d61d05e247084f7662de0314c2	1a99e6eede61e5c3ddfeb9ddc0e21b1cee234393fc5d12b3c668b93d9424abac	d78b9e0c6f7d1a77484af3b4d4a0a046503fa48624b0957ef590ab8ea5ca6eae	67409ff190808c2967c949cae6697bf235010dbe832389cb4976d9089b5f5e1d	failed	False	failed			False	False	False						False	False	0.13959321200127306				ValueError: draw extended-event contract differs from plan
eas_selected__screen20__s0.005000__af0.200000__q5__draw012	screen20	focal_2bp_forward_only_no_recap_no_neutral_overlay	0.005	0.2	0.175	0.225	500	100	40	12	268455071	1458348480	5.0	0.1	2	1	2409.0	6bfc1e42438244d3e75a20747cd4028e31c628d61d05e247084f7662de0314c2	1a99e6eede61e5c3ddfeb9ddc0e21b1cee234393fc5d12b3c668b93d9424abac	d78b9e0c6f7d1a77484af3b4d4a0a046503fa48624b0957ef590ab8ea5ca6eae	67409ff190808c2967c949cae6697bf235010dbe832389cb4976d9089b5f5e1d	failed	False	failed			False	False	False						False	False	0.1438719800007675				ValueError: draw extended-event contract differs from plan
eas_selected__screen20__s0.005000__af0.200000__q5__draw013	screen20	focal_2bp_forward_only_no_recap_no_neutral_overlay	0.005	0.2	0.175	0.225	500	100	40	13	285043480	713948220	5.0	0.1	2	1	2409.0	6bfc1e42438244d3e75a20747cd4028e31c628d61d05e247084f7662de0314c2	1a99e6eede61e5c3ddfeb9ddc0e21b1cee234393fc5d12b3c668b93d9424abac	d78b9e0c6f7d1a77484af3b4d4a0a046503fa48624b0957ef590ab8ea5ca6eae	67409ff190808c2967c949cae6697bf235010dbe832389cb4976d9089b5f5e1d	failed	False	failed			False	False	False						False	False	0.13973317100135318				ValueError: draw extended-event contract differs from plan
eas_selected__screen20__s0.005000__af0.200000__q5__draw014	screen20	focal_2bp_forward_only_no_recap_no_neutral_overlay	0.005	0.2	0.175	0.225	500	100	40	14	75825464	342241553	5.0	0.1	2	1	2409.0	6bfc1e42438244d3e75a20747cd4028e31c628d61d05e247084f7662de0314c2	1a99e6eede61e5c3ddfeb9ddc0e21b1cee234393fc5d12b3c668b93d9424abac	d78b9e0c6f7d1a77484af3b4d4a0a046503fa48624b0957ef590ab8ea5ca6eae	67409ff190808c2967c949cae6697bf235010dbe832389cb4976d9089b5f5e1d	failed	False	failed			False	False	False						False	False	0.1464405019996775				ValueError: draw extended-event contract differs from plan
eas_selected__screen20__s0.005000__af0.200000__q5__draw015	screen20	focal_2bp_forward_only_no_recap_no_neutral_overlay	0.005	0.2	0.175	0.225	500	100	40	15	240768419	1229953701	5.0	0.1	2	1	2409.0	6bfc1e42438244d3e75a20747cd4028e31c628d61d05e247084f7662de0314c2	1a99e6eede61e5c3ddfeb9ddc0e21b1cee234393fc5d12b3c668b93d9424abac	d78b9e0c6f7d1a77484af3b4d4a0a046503fa48624b0957ef590ab8ea5ca6eae	67409ff190808c2967c949cae6697bf235010dbe832389cb4976d9089b5f5e1d	failed	False	failed			False	False	False						False	False	0.14326129499931994				ValueError: draw extended-event contract differs from plan
eas_selected__screen20__s0.005000__af0.200000__q5__draw016	screen20	focal_2bp_forward_only_no_recap_no_neutral_overlay	0.005	0.2	0.175	0.225	500	100	40	16	1326987799	1182048577	5.0	0.1	2	1	2409.0	6bfc1e42438244d3e75a20747cd4028e31c628d61d05e247084f7662de0314c2	1a99e6eede61e5c3ddfeb9ddc0e21b1cee234393fc5d12b3c668b93d9424abac	d78b9e0c6f7d1a77484af3b4d4a0a046503fa48624b0957ef590ab8ea5ca6eae	67409ff190808c2967c949cae6697bf235010dbe832389cb4976d9089b5f5e1d	failed	False	failed			False	False	False						False	False	0.14406440499988094				ValueError: draw extended-event contract differs from plan
eas_selected__screen20__s0.005000__af0.200000__q5__draw017	screen20	focal_2bp_forward_only_no_recap_no_neutral_overlay	0.005	0.2	0.175	0.225	500	100	40	17	1056486672	1651179039	5.0	0.1	2	1	2409.0	6bfc1e42438244d3e75a20747cd4028e31c628d61d05e247084f7662de0314c2	1a99e6eede61e5c3ddfeb9ddc0e21b1cee234393fc5d12b3c668b93d9424abac	d78b9e0c6f7d1a77484af3b4d4a0a046503fa48624b0957ef590ab8ea5ca6eae	67409ff190808c2967c949cae6697bf235010dbe832389cb4976d9089b5f5e1d	failed	False	failed			False	False	False						False	False	0.14250227799857385				ValueError: draw extended-event contract differs from plan
eas_selected__screen20__s0.005000__af0.200000__q5__draw018	screen20	focal_2bp_forward_only_no_recap_no_neutral_overlay	0.005	0.2	0.175	0.225	500	100	40	18	96342503	2105401867	5.0	0.1	2	1	2409.0	6bfc1e42438244d3e75a20747cd4028e31c628d61d05e247084f7662de0314c2	1a99e6eede61e5c3ddfeb9ddc0e21b1cee234393fc5d12b3c668b93d9424abac	d78b9e0c6f7d1a77484af3b4d4a0a046503fa48624b0957ef590ab8ea5ca6eae	67409ff190808c2967c949cae6697bf235010dbe832389cb4976d9089b5f5e1d	failed	False	failed			False	False	False						False	False	0.14483485799974005				ValueError: draw extended-event contract differs from plan
eas_selected__screen20__s0.005000__af0.200000__q5__draw019	screen20	focal_2bp_forward_only_no_recap_no_neutral_overlay	0.005	0.2	0.175	0.225	500	100	40	19	326570074	1523903805	5.0	0.1	2	1	2409.0	6bfc1e42438244d3e75a20747cd4028e31c628d61d05e247084f7662de0314c2	1a99e6eede61e5c3ddfeb9ddc0e21b1cee234393fc5d12b3c668b93d9424abac	d78b9e0c6f7d1a77484af3b4d4a0a046503fa48624b0957ef590ab8ea5ca6eae	67409ff190808c2967c949cae6697bf235010dbe832389cb4976d9089b5f5e1d	failed	False	failed			False	False	False						False	False	0.1438945350000722				ValueError: draw extended-event contract differs from plan
eas_selected__screen20__s0.005000__af0.300000__q5__draw000	screen20	focal_2bp_forward_only_no_recap_no_neutral_overlay	0.005	0.3	0.2749999999999999	0.325	500	100	60	0	514254982	1108974909	5.0	0.1	2	1	2657.0	86f74ed1e8d6fea0b14478b50ba281ff4f67e1fbb3ad110ee3a25790704f38ce	9de44d14c4d4fcf1d637714e54627e5539d86da79377566f8dcc825ebf0e347e	51600aaee32b97b010036789ecbcc1c03681cb8e11310b67b18021e917106650	67409ff190808c2967c949cae6697bf235010dbe832389cb4976d9089b5f5e1d	failed	False	failed			False	False	False						False	False	0.1422308069995779				ValueError: draw extended-event contract differs from plan
eas_selected__screen20__s0.005000__af0.300000__q5__draw001	screen20	focal_2bp_forward_only_no_recap_no_neutral_overlay	0.005	0.3	0.2749999999999999	0.325	500	100	60	1	398781957	767463203	5.0	0.1	2	1	2657.0	86f74ed1e8d6fea0b14478b50ba281ff4f67e1fbb3ad110ee3a25790704f38ce	9de44d14c4d4fcf1d637714e54627e5539d86da79377566f8dcc825ebf0e347e	51600aaee32b97b010036789ecbcc1c03681cb8e11310b67b18021e917106650	67409ff190808c2967c949cae6697bf235010dbe832389cb4976d9089b5f5e1d	failed	False	failed			False	False	False						False	False	0.14325981799993315				ValueError: draw extended-event contract differs from plan
eas_selected__screen20__s0.005000__af0.300000__q5__draw002	screen20	focal_2bp_forward_only_no_recap_no_neutral_overlay	0.005	0.3	0.2749999999999999	0.325	500	100	60	2	1813579383	846698459	5.0	0.1	2	1	2657.0	86f74ed1e8d6fea0b14478b50ba281ff4f67e1fbb3ad110ee3a25790704f38ce	9de44d14c4d4fcf1d637714e54627e5539d86da79377566f8dcc825ebf0e347e	51600aaee32b97b010036789ecbcc1c03681cb8e11310b67b18021e917106650	67409ff190808c2967c949cae6697bf235010dbe832389cb4976d9089b5f5e1d	failed	False	failed			False	False	False						False	False	0.13118212799963658				ValueError: draw extended-event contract differs from plan
eas_selected__screen20__s0.005000__af0.300000__q5__draw003	screen20	focal_2bp_forward_only_no_recap_no_neutral_overlay	0.005	0.3	0.2749999999999999	0.325	500	100	60	3	1072201771	1872279985	5.0	0.1	2	1	2657.0	86f74ed1e8d6fea0b14478b50ba281ff4f67e1fbb3ad110ee3a25790704f38ce	9de44d14c4d4fcf1d637714e54627e5539d86da79377566f8dcc825ebf0e347e	51600aaee32b97b010036789ecbcc1c03681cb8e11310b67b18021e917106650	67409ff190808c2967c949cae6697bf235010dbe832389cb4976d9089b5f5e1d	failed	False	failed			False	False	False						False	False	0.0912693969985412				ValueError: draw extended-event contract differs from plan
eas_selected__screen20__s0.005000__af0.300000__q5__draw004	screen20	focal_2bp_forward_only_no_recap_no_neutral_overlay	0.005	0.3	0.2749999999999999	0.325	500	100	60	4	655375521	1344405182	5.0	0.1	2	1	2657.0	86f74ed1e8d6fea0b14478b50ba281ff4f67e1fbb3ad110ee3a25790704f38ce	9de44d14c4d4fcf1d637714e54627e5539d86da79377566f8dcc825ebf0e347e	51600aaee32b97b010036789ecbcc1c03681cb8e11310b67b18021e917106650	67409ff190808c2967c949cae6697bf235010dbe832389cb4976d9089b5f5e1d	failed	False	failed			False	False	False						False	False	0.09046752599897445				ValueError: draw extended-event contract differs from plan
eas_selected__screen20__s0.005000__af0.300000__q5__draw005	screen20	focal_2bp_forward_only_no_recap_no_neutral_overlay	0.005	0.3	0.2749999999999999	0.325	500	100	60	5	592754870	1529895674	5.0	0.1	2	1	2657.0	86f74ed1e8d6fea0b14478b50ba281ff4f67e1fbb3ad110ee3a25790704f38ce	9de44d14c4d4fcf1d637714e54627e5539d86da79377566f8dcc825ebf0e347e	51600aaee32b97b010036789ecbcc1c03681cb8e11310b67b18021e917106650	67409ff190808c2967c949cae6697bf235010dbe832389cb4976d9089b5f5e1d	failed	False	failed			False	False	False						False	False	0.09308170399890514				ValueError: draw extended-event contract differs from plan
eas_selected__screen20__s0.005000__af0.300000__q5__draw006	screen20	focal_2bp_forward_only_no_recap_no_neutral_overlay	0.005	0.3	0.2749999999999999	0.325	500	100	60	6	1969486357	1145319331	5.0	0.1	2	1	2657.0	86f74ed1e8d6fea0b14478b50ba281ff4f67e1fbb3ad110ee3a25790704f38ce	9de44d14c4d4fcf1d637714e54627e5539d86da79377566f8dcc825ebf0e347e	51600aaee32b97b010036789ecbcc1c03681cb8e11310b67b18021e917106650	67409ff190808c2967c949cae6697bf235010dbe832389cb4976d9089b5f5e1d	failed	False	failed			False	False	False						False	False	0.09355492599934223				ValueError: draw extended-event contract differs from plan
eas_selected__screen20__s0.005000__af0.300000__q5__draw007	screen20	focal_2bp_forward_only_no_recap_no_neutral_overlay	0.005	0.3	0.2749999999999999	0.325	500	100	60	7	508576094	169903430	5.0	0.1	2	1	2657.0	86f74ed1e8d6fea0b14478b50ba281ff4f67e1fbb3ad110ee3a25790704f38ce	9de44d14c4d4fcf1d637714e54627e5539d86da79377566f8dcc825ebf0e347e	51600aaee32b97b010036789ecbcc1c03681cb8e11310b67b18021e917106650	67409ff190808c2967c949cae6697bf235010dbe832389cb4976d9089b5f5e1d	failed	False	failed			False	False	False						False	False	0.08934076400146296				ValueError: draw extended-event contract differs from plan
eas_selected__screen20__s0.005000__af0.300000__q5__draw008	screen20	focal_2bp_forward_only_no_recap_no_neutral_overlay	0.005	0.3	0.2749999999999999	0.325	500	100	60	8	479240972	1704330606	5.0	0.1	2	1	2657.0	86f74ed1e8d6fea0b14478b50ba281ff4f67e1fbb3ad110ee3a25790704f38ce	9de44d14c4d4fcf1d637714e54627e5539d86da79377566f8dcc825ebf0e347e	51600aaee32b97b010036789ecbcc1c03681cb8e11310b67b18021e917106650	67409ff190808c2967c949cae6697bf235010dbe832389cb4976d9089b5f5e1d	failed	False	failed			False	False	False						False	False	0.11474507000093581				ValueError: draw extended-event contract differs from plan
eas_selected__screen20__s0.005000__af0.300000__q5__draw009	screen20	focal_2bp_forward_only_no_recap_no_neutral_overlay	0.005	0.3	0.2749999999999999	0.325	500	100	60	9	1090420967	2038521740	5.0	0.1	2	1	2657.0	86f74ed1e8d6fea0b14478b50ba281ff4f67e1fbb3ad110ee3a25790704f38ce	9de44d14c4d4fcf1d637714e54627e5539d86da79377566f8dcc825ebf0e347e	51600aaee32b97b010036789ecbcc1c03681cb8e11310b67b18021e917106650	67409ff190808c2967c949cae6697bf235010dbe832389cb4976d9089b5f5e1d	failed	False	failed			False	False	False						False	False	0.11334801500015601				ValueError: draw extended-event contract differs from plan
eas_selected__screen20__s0.005000__af0.300000__q5__draw010	screen20	focal_2bp_forward_only_no_recap_no_neutral_overlay	0.005	0.3	0.2749999999999999	0.325	500	100	60	10	951809914	348435186	5.0	0.1	2	1	2657.0	86f74ed1e8d6fea0b14478b50ba281ff4f67e1fbb3ad110ee3a25790704f38ce	9de44d14c4d4fcf1d637714e54627e5539d86da79377566f8dcc825ebf0e347e	51600aaee32b97b010036789ecbcc1c03681cb8e11310b67b18021e917106650	67409ff190808c2967c949cae6697bf235010dbe832389cb4976d9089b5f5e1d	failed	False	failed			False	False	False						False	False	0.11137143300038588				ValueError: draw extended-event contract differs from plan
eas_selected__screen20__s0.005000__af0.300000__q5__draw011	screen20	focal_2bp_forward_only_no_recap_no_neutral_overlay	0.005	0.3	0.2749999999999999	0.325	500	100	60	11	9938769	1088465048	5.0	0.1	2	1	2657.0	86f74ed1e8d6fea0b14478b50ba281ff4f67e1fbb3ad110ee3a25790704f38ce	9de44d14c4d4fcf1d637714e54627e5539d86da79377566f8dcc825ebf0e347e	51600aaee32b97b010036789ecbcc1c03681cb8e11310b67b18021e917106650	67409ff190808c2967c949cae6697bf235010dbe832389cb4976d9089b5f5e1d	failed	False	failed			False	False	False						False	False	0.11351125799956208				ValueError: draw extended-event contract differs from plan
eas_selected__screen20__s0.005000__af0.300000__q5__draw012	screen20	focal_2bp_forward_only_no_recap_no_neutral_overlay	0.005	0.3	0.2749999999999999	0.325	500	100	60	12	1001035567	486410244	5.0	0.1	2	1	2657.0	86f74ed1e8d6fea0b14478b50ba281ff4f67e1fbb3ad110ee3a25790704f38ce	9de44d14c4d4fcf1d637714e54627e5539d86da79377566f8dcc825ebf0e347e	51600aaee32b97b010036789ecbcc1c03681cb8e11310b67b18021e917106650	67409ff190808c2967c949cae6697bf235010dbe832389cb4976d9089b5f5e1d	failed	False	failed			False	False	False						False	False	0.11553255699982401				ValueError: draw extended-event contract differs from plan
eas_selected__screen20__s0.005000__af0.300000__q5__draw013	screen20	focal_2bp_forward_only_no_recap_no_neutral_overlay	0.005	0.3	0.2749999999999999	0.325	500	100	60	13	912470614	672317865	5.0	0.1	2	1	2657.0	86f74ed1e8d6fea0b14478b50ba281ff4f67e1fbb3ad110ee3a25790704f38ce	9de44d14c4d4fcf1d637714e54627e5539d86da79377566f8dcc825ebf0e347e	51600aaee32b97b010036789ecbcc1c03681cb8e11310b67b18021e917106650	67409ff190808c2967c949cae6697bf235010dbe832389cb4976d9089b5f5e1d	failed	False	failed			False	False	False						False	False	0.112482185000772				ValueError: draw extended-event contract differs from plan
eas_selected__screen20__s0.005000__af0.300000__q5__draw014	screen20	focal_2bp_forward_only_no_recap_no_neutral_overlay	0.005	0.3	0.2749999999999999	0.325	500	100	60	14	655059254	999063371	5.0	0.1	2	1	2657.0	86f74ed1e8d6fea0b14478b50ba281ff4f67e1fbb3ad110ee3a25790704f38ce	9de44d14c4d4fcf1d637714e54627e5539d86da79377566f8dcc825ebf0e347e	51600aaee32b97b010036789ecbcc1c03681cb8e11310b67b18021e917106650	67409ff190808c2967c949cae6697bf235010dbe832389cb4976d9089b5f5e1d	failed	False	failed			False	False	False						False	False	0.11404504799975257				ValueError: draw extended-event contract differs from plan
eas_selected__screen20__s0.005000__af0.300000__q5__draw015	screen20	focal_2bp_forward_only_no_recap_no_neutral_overlay	0.005	0.3	0.2749999999999999	0.325	500	100	60	15	496794484	936672451	5.0	0.1	2	1	2657.0	86f74ed1e8d6fea0b14478b50ba281ff4f67e1fbb3ad110ee3a25790704f38ce	9de44d14c4d4fcf1d637714e54627e5539d86da79377566f8dcc825ebf0e347e	51600aaee32b97b010036789ecbcc1c03681cb8e11310b67b18021e917106650	67409ff190808c2967c949cae6697bf235010dbe832389cb4976d9089b5f5e1d	failed	False	failed			False	False	False						False	False	0.11308959800044249				ValueError: draw extended-event contract differs from plan
eas_selected__screen20__s0.005000__af0.300000__q5__draw016	screen20	focal_2bp_forward_only_no_recap_no_neutral_overlay	0.005	0.3	0.2749999999999999	0.325	500	100	60	16	301242304	220241616	5.0	0.1	2	1	2657.0	86f74ed1e8d6fea0b14478b50ba281ff4f67e1fbb3ad110ee3a25790704f38ce	9de44d14c4d4fcf1d637714e54627e5539d86da79377566f8dcc825ebf0e347e	51600aaee32b97b010036789ecbcc1c03681cb8e11310b67b18021e917106650	67409ff190808c2967c949cae6697bf235010dbe832389cb4976d9089b5f5e1d	failed	False	failed			False	False	False						False	False	0.11073889300132578				ValueError: draw extended-event contract differs from plan
eas_selected__screen20__s0.005000__af0.300000__q5__draw017	screen20	focal_2bp_forward_only_no_recap_no_neutral_overlay	0.005	0.3	0.2749999999999999	0.325	500	100	60	17	476291913	1609574130	5.0	0.1	2	1	2657.0	86f74ed1e8d6fea0b14478b50ba281ff4f67e1fbb3ad110ee3a25790704f38ce	9de44d14c4d4fcf1d637714e54627e5539d86da79377566f8dcc825ebf0e347e	51600aaee32b97b010036789ecbcc1c03681cb8e11310b67b18021e917106650	67409ff190808c2967c949cae6697bf235010dbe832389cb4976d9089b5f5e1d	failed	False	failed			False	False	False						False	False	0.11177936099920771				ValueError: draw extended-event contract differs from plan
eas_selected__screen20__s0.005000__af0.300000__q5__draw018	screen20	focal_2bp_forward_only_no_recap_no_neutral_overlay	0.005	0.3	0.2749999999999999	0.325	500	100	60	18	246864080	1010260918	5.0	0.1	2	1	2657.0	86f74ed1e8d6fea0b14478b50ba281ff4f67e1fbb3ad110ee3a25790704f38ce	9de44d14c4d4fcf1d637714e54627e5539d86da79377566f8dcc825ebf0e347e	51600aaee32b97b010036789ecbcc1c03681cb8e11310b67b18021e917106650	67409ff190808c2967c949cae6697bf235010dbe832389cb4976d9089b5f5e1d	failed	False	failed			False	False	False						False	False	0.11249315999884857				ValueError: draw extended-event contract differs from plan
eas_selected__screen20__s0.005000__af0.300000__q5__draw019	screen20	focal_2bp_forward_only_no_recap_no_neutral_overlay	0.005	0.3	0.2749999999999999	0.325	500	100	60	19	331380157	1320630917	5.0	0.1	2	1	2657.0	86f74ed1e8d6fea0b14478b50ba281ff4f67e1fbb3ad110ee3a25790704f38ce	9de44d14c4d4fcf1d637714e54627e5539d86da79377566f8dcc825ebf0e347e	51600aaee32b97b010036789ecbcc1c03681cb8e11310b67b18021e917106650	67409ff190808c2967c949cae6697bf235010dbe832389cb4976d9089b5f5e1d	failed	False	failed			False	False	False						False	False	0.10730398700070509				ValueError: draw extended-event contract differs from plan
eas_selected__screen20__s0.010000__af0.100000__q5__draw000	screen20	focal_2bp_forward_only_no_recap_no_neutral_overlay	0.01	0.1	0.075	0.125	500	100	20	0	999744027	2085878583	5.0	0.1	2	1	999.0	b1db82958255b8c5c4f2e0a17f5d200b5d1b756e06400731ae9ef5ef8f4bdfb8	b8d07f8c4b5806e65ff47687e2f9be3db988beab960581d2809cf76e33b9f49d	a1736619482bc1798b40e9cbba175da8e3610d6fa7bb554776babd30f16ef30b	67409ff190808c2967c949cae6697bf235010dbe832389cb4976d9089b5f5e1d	failed	False	failed			False	False	False						False	False	0.20153208700139658				ValueError: draw extended-event contract differs from plan
eas_selected__screen20__s0.010000__af0.100000__q5__draw001	screen20	focal_2bp_forward_only_no_recap_no_neutral_overlay	0.01	0.1	0.075	0.125	500	100	20	1	417100855	1922021947	5.0	0.1	2	1	999.0	b1db82958255b8c5c4f2e0a17f5d200b5d1b756e06400731ae9ef5ef8f4bdfb8	b8d07f8c4b5806e65ff47687e2f9be3db988beab960581d2809cf76e33b9f49d	a1736619482bc1798b40e9cbba175da8e3610d6fa7bb554776babd30f16ef30b	67409ff190808c2967c949cae6697bf235010dbe832389cb4976d9089b5f5e1d	failed	False	failed			False	False	False						False	False	0.21015692299988586				ValueError: draw extended-event contract differs from plan
eas_selected__screen20__s0.010000__af0.100000__q5__draw002	screen20	focal_2bp_forward_only_no_recap_no_neutral_overlay	0.01	0.1	0.075	0.125	500	100	20	2	1220518263	1561298772	5.0	0.1	2	1	999.0	b1db82958255b8c5c4f2e0a17f5d200b5d1b756e06400731ae9ef5ef8f4bdfb8	b8d07f8c4b5806e65ff47687e2f9be3db988beab960581d2809cf76e33b9f49d	a1736619482bc1798b40e9cbba175da8e3610d6fa7bb554776babd30f16ef30b	67409ff190808c2967c949cae6697bf235010dbe832389cb4976d9089b5f5e1d	failed	False	failed			False	False	False						False	False	0.20993549400009215				ValueError: draw extended-event contract differs from plan
eas_selected__screen20__s0.010000__af0.100000__q5__draw003	screen20	focal_2bp_forward_only_no_recap_no_neutral_overlay	0.01	0.1	0.075	0.125	500	100	20	3	828544269	1785815569	5.0	0.1	2	1	999.0	b1db82958255b8c5c4f2e0a17f5d200b5d1b756e06400731ae9ef5ef8f4bdfb8	b8d07f8c4b5806e65ff47687e2f9be3db988beab960581d2809cf76e33b9f49d	a1736619482bc1798b40e9cbba175da8e3610d6fa7bb554776babd30f16ef30b	67409ff190808c2967c949cae6697bf235010dbe832389cb4976d9089b5f5e1d	failed	False	failed			False	False	False						False	False	0.20888479700079188				ValueError: draw extended-event contract differs from plan
eas_selected__screen20__s0.010000__af0.100000__q5__draw004	screen20	focal_2bp_forward_only_no_recap_no_neutral_overlay	0.01	0.1	0.075	0.125	500	100	20	4	1596572430	801979218	5.0	0.1	2	1	999.0	b1db82958255b8c5c4f2e0a17f5d200b5d1b756e06400731ae9ef5ef8f4bdfb8	b8d07f8c4b5806e65ff47687e2f9be3db988beab960581d2809cf76e33b9f49d	a1736619482bc1798b40e9cbba175da8e3610d6fa7bb554776babd30f16ef30b	67409ff190808c2967c949cae6697bf235010dbe832389cb4976d9089b5f5e1d	failed	False	failed			False	False	False						False	False	0.21049114400011604				ValueError: draw extended-event contract differs from plan
eas_selected__screen20__s0.010000__af0.100000__q5__draw005	screen20	focal_2bp_forward_only_no_recap_no_neutral_overlay	0.01	0.1	0.075	0.125	500	100	20	5	304977315	1053131200	5.0	0.1	2	1	999.0	b1db82958255b8c5c4f2e0a17f5d200b5d1b756e06400731ae9ef5ef8f4bdfb8	b8d07f8c4b5806e65ff47687e2f9be3db988beab960581d2809cf76e33b9f49d	a1736619482bc1798b40e9cbba175da8e3610d6fa7bb554776babd30f16ef30b	67409ff190808c2967c949cae6697bf235010dbe832389cb4976d9089b5f5e1d	failed	False	failed			False	False	False						False	False	0.19857593899905623				ValueError: draw extended-event contract differs from plan
eas_selected__screen20__s0.010000__af0.100000__q5__draw006	screen20	focal_2bp_forward_only_no_recap_no_neutral_overlay	0.01	0.1	0.075	0.125	500	100	20	6	714020076	1610437685	5.0	0.1	2	1	999.0	b1db82958255b8c5c4f2e0a17f5d200b5d1b756e06400731ae9ef5ef8f4bdfb8	b8d07f8c4b5806e65ff47687e2f9be3db988beab960581d2809cf76e33b9f49d	a1736619482bc1798b40e9cbba175da8e3610d6fa7bb554776babd30f16ef30b	67409ff190808c2967c949cae6697bf235010dbe832389cb4976d9089b5f5e1d	failed	False	failed			False	False	False						False	False	0.20636718600144377				ValueError: draw extended-event contract differs from plan
eas_selected__screen20__s0.010000__af0.100000__q5__draw007	screen20	focal_2bp_forward_only_no_recap_no_neutral_overlay	0.01	0.1	0.075	0.125	500	100	20	7	384702916	1613452957	5.0	0.1	2	1	999.0	b1db82958255b8c5c4f2e0a17f5d200b5d1b756e06400731ae9ef5ef8f4bdfb8	b8d07f8c4b5806e65ff47687e2f9be3db988beab960581d2809cf76e33b9f49d	a1736619482bc1798b40e9cbba175da8e3610d6fa7bb554776babd30f16ef30b	67409ff190808c2967c949cae6697bf235010dbe832389cb4976d9089b5f5e1d	failed	False	failed			False	False	False						False	False	0.206356415999835				ValueError: draw extended-event contract differs from plan
eas_selected__screen20__s0.010000__af0.100000__q5__draw008	screen20	focal_2bp_forward_only_no_recap_no_neutral_overlay	0.01	0.1	0.075	0.125	500	100	20	8	156385273	1044608415	5.0	0.1	2	1	999.0	b1db82958255b8c5c4f2e0a17f5d200b5d1b756e06400731ae9ef5ef8f4bdfb8	b8d07f8c4b5806e65ff47687e2f9be3db988beab960581d2809cf76e33b9f49d	a1736619482bc1798b40e9cbba175da8e3610d6fa7bb554776babd30f16ef30b	67409ff190808c2967c949cae6697bf235010dbe832389cb4976d9089b5f5e1d	failed	False	failed			False	False	False						False	False	0.20284092700057954				ValueError: draw extended-event contract differs from plan
eas_selected__screen20__s0.010000__af0.100000__q5__draw009	screen20	focal_2bp_forward_only_no_recap_no_neutral_overlay	0.01	0.1	0.075	0.125	500	100	20	9	586903412	1054168705	5.0	0.1	2	1	999.0	b1db82958255b8c5c4f2e0a17f5d200b5d1b756e06400731ae9ef5ef8f4bdfb8	b8d07f8c4b5806e65ff47687e2f9be3db988beab960581d2809cf76e33b9f49d	a1736619482bc1798b40e9cbba175da8e3610d6fa7bb554776babd30f16ef30b	67409ff190808c2967c949cae6697bf235010dbe832389cb4976d9089b5f5e1d	failed	False	failed			False	False	False						False	False	0.21107798900084163				ValueError: draw extended-event contract differs from plan
eas_selected__screen20__s0.010000__af0.100000__q5__draw010	screen20	focal_2bp_forward_only_no_recap_no_neutral_overlay	0.01	0.1	0.075	0.125	500	100	20	10	344386249	2139124337	5.0	0.1	2	1	999.0	b1db82958255b8c5c4f2e0a17f5d200b5d1b756e06400731ae9ef5ef8f4bdfb8	b8d07f8c4b5806e65ff47687e2f9be3db988beab960581d2809cf76e33b9f49d	a1736619482bc1798b40e9cbba175da8e3610d6fa7bb554776babd30f16ef30b	67409ff190808c2967c949cae6697bf235010dbe832389cb4976d9089b5f5e1d	failed	False	failed			False	False	False						False	False	0.21173291499871993				ValueError: draw extended-event contract differs from plan
eas_selected__screen20__s0.010000__af0.100000__q5__draw011	screen20	focal_2bp_forward_only_no_recap_no_neutral_overlay	0.01	0.1	0.075	0.125	500	100	20	11	84719679	1012905170	5.0	0.1	2	1	999.0	b1db82958255b8c5c4f2e0a17f5d200b5d1b756e06400731ae9ef5ef8f4bdfb8	b8d07f8c4b5806e65ff47687e2f9be3db988beab960581d2809cf76e33b9f49d	a1736619482bc1798b40e9cbba175da8e3610d6fa7bb554776babd30f16ef30b	67409ff190808c2967c949cae6697bf235010dbe832389cb4976d9089b5f5e1d	failed	False	failed			False	False	False						False	False	0.20647206699868548				ValueError: draw extended-event contract differs from plan
eas_selected__screen20__s0.010000__af0.100000__q5__draw012	screen20	focal_2bp_forward_only_no_recap_no_neutral_overlay	0.01	0.1	0.075	0.125	500	100	20	12	683160001	1650817349	5.0	0.1	2	1	999.0	b1db82958255b8c5c4f2e0a17f5d200b5d1b756e06400731ae9ef5ef8f4bdfb8	b8d07f8c4b5806e65ff47687e2f9be3db988beab960581d2809cf76e33b9f49d	a1736619482bc1798b40e9cbba175da8e3610d6fa7bb554776babd30f16ef30b	67409ff190808c2967c949cae6697bf235010dbe832389cb4976d9089b5f5e1d	failed	False	failed			False	False	False						False	False	0.2101562259995262				ValueError: draw extended-event contract differs from plan
eas_selected__screen20__s0.010000__af0.100000__q5__draw013	screen20	focal_2bp_forward_only_no_recap_no_neutral_overlay	0.01	0.1	0.075	0.125	500	100	20	13	275976430	1491380857	5.0	0.1	2	1	999.0	b1db82958255b8c5c4f2e0a17f5d200b5d1b756e06400731ae9ef5ef8f4bdfb8	b8d07f8c4b5806e65ff47687e2f9be3db988beab960581d2809cf76e33b9f49d	a1736619482bc1798b40e9cbba175da8e3610d6fa7bb554776babd30f16ef30b	67409ff190808c2967c949cae6697bf235010dbe832389cb4976d9089b5f5e1d	failed	False	failed			False	False	False						False	False	0.21035108900105115				ValueError: draw extended-event contract differs from plan
eas_selected__screen20__s0.010000__af0.100000__q5__draw014	screen20	focal_2bp_forward_only_no_recap_no_neutral_overlay	0.01	0.1	0.075	0.125	500	100	20	14	1844554407	2118425762	5.0	0.1	2	1	999.0	b1db82958255b8c5c4f2e0a17f5d200b5d1b756e06400731ae9ef5ef8f4bdfb8	b8d07f8c4b5806e65ff47687e2f9be3db988beab960581d2809cf76e33b9f49d	a1736619482bc1798b40e9cbba175da8e3610d6fa7bb554776babd30f16ef30b	67409ff190808c2967c949cae6697bf235010dbe832389cb4976d9089b5f5e1d	failed	False	failed			False	False	False						False	False	0.20597025099959865				ValueError: draw extended-event contract differs from plan
eas_selected__screen20__s0.010000__af0.100000__q5__draw015	screen20	focal_2bp_forward_only_no_recap_no_neutral_overlay	0.01	0.1	0.075	0.125	500	100	20	15	1804121972	1578073514	5.0	0.1	2	1	999.0	b1db82958255b8c5c4f2e0a17f5d200b5d1b756e06400731ae9ef5ef8f4bdfb8	b8d07f8c4b5806e65ff47687e2f9be3db988beab960581d2809cf76e33b9f49d	a1736619482bc1798b40e9cbba175da8e3610d6fa7bb554776babd30f16ef30b	67409ff190808c2967c949cae6697bf235010dbe832389cb4976d9089b5f5e1d	failed	False	failed			False	False	False						False	False	0.20878193699900294				ValueError: draw extended-event contract differs from plan
eas_selected__screen20__s0.010000__af0.100000__q5__draw016	screen20	focal_2bp_forward_only_no_recap_no_neutral_overlay	0.01	0.1	0.075	0.125	500	100	20	16	2114089931	1972983442	5.0	0.1	2	1	999.0	b1db82958255b8c5c4f2e0a17f5d200b5d1b756e06400731ae9ef5ef8f4bdfb8	b8d07f8c4b5806e65ff47687e2f9be3db988beab960581d2809cf76e33b9f49d	a1736619482bc1798b40e9cbba175da8e3610d6fa7bb554776babd30f16ef30b	67409ff190808c2967c949cae6697bf235010dbe832389cb4976d9089b5f5e1d	failed	False	failed			False	False	False						False	False	0.20840069299993047				ValueError: draw extended-event contract differs from plan
eas_selected__screen20__s0.010000__af0.100000__q5__draw017	screen20	focal_2bp_forward_only_no_recap_no_neutral_overlay	0.01	0.1	0.075	0.125	500	100	20	17	29171317	1926368697	5.0	0.1	2	1	999.0	b1db82958255b8c5c4f2e0a17f5d200b5d1b756e06400731ae9ef5ef8f4bdfb8	b8d07f8c4b5806e65ff47687e2f9be3db988beab960581d2809cf76e33b9f49d	a1736619482bc1798b40e9cbba175da8e3610d6fa7bb554776babd30f16ef30b	67409ff190808c2967c949cae6697bf235010dbe832389cb4976d9089b5f5e1d	failed	False	failed			False	False	False						False	False	0.20445390200075053				ValueError: draw extended-event contract differs from plan
eas_selected__screen20__s0.010000__af0.100000__q5__draw018	screen20	focal_2bp_forward_only_no_recap_no_neutral_overlay	0.01	0.1	0.075	0.125	500	100	20	18	106001813	451522127	5.0	0.1	2	1	999.0	b1db82958255b8c5c4f2e0a17f5d200b5d1b756e06400731ae9ef5ef8f4bdfb8	b8d07f8c4b5806e65ff47687e2f9be3db988beab960581d2809cf76e33b9f49d	a1736619482bc1798b40e9cbba175da8e3610d6fa7bb554776babd30f16ef30b	67409ff190808c2967c949cae6697bf235010dbe832389cb4976d9089b5f5e1d	failed	False	failed			False	False	False						False	False	0.20499122199908015				ValueError: draw extended-event contract differs from plan
eas_selected__screen20__s0.010000__af0.100000__q5__draw019	screen20	focal_2bp_forward_only_no_recap_no_neutral_overlay	0.01	0.1	0.075	0.125	500	100	20	19	1190602696	111339947	5.0	0.1	2	1	999.0	b1db82958255b8c5c4f2e0a17f5d200b5d1b756e06400731ae9ef5ef8f4bdfb8	b8d07f8c4b5806e65ff47687e2f9be3db988beab960581d2809cf76e33b9f49d	a1736619482bc1798b40e9cbba175da8e3610d6fa7bb554776babd30f16ef30b	67409ff190808c2967c949cae6697bf235010dbe832389cb4976d9089b5f5e1d	failed	False	failed			False	False	False						False	False	0.2084843140000885				ValueError: draw extended-event contract differs from plan
eas_selected__screen20__s0.010000__af0.200000__q5__draw000	screen20	focal_2bp_forward_only_no_recap_no_neutral_overlay	0.01	0.2	0.175	0.225	500	100	40	0	562067586	104506960	5.0	0.1	2	1	1152.0	4cfa2c17f60941a05b793e8bc9840fafe1d1ff3d1f54a04998aab0d0de32394f	c3b66bbac06ec9012ecc12581469a36c1edd8dd20de5bc27a3c4fdae49a5c026	c593c6cb03f6145a0058f3602d1ada7b5f3d930e76d5c5a97849676f5eab8831	67409ff190808c2967c949cae6697bf235010dbe832389cb4976d9089b5f5e1d	failed	False	failed			False	False	False						False	False	0.0810903870005859				ValueError: draw extended-event contract differs from plan
eas_selected__screen20__s0.010000__af0.200000__q5__draw001	screen20	focal_2bp_forward_only_no_recap_no_neutral_overlay	0.01	0.2	0.175	0.225	500	100	40	1	1601761728	2147383024	5.0	0.1	2	1	1152.0	4cfa2c17f60941a05b793e8bc9840fafe1d1ff3d1f54a04998aab0d0de32394f	c3b66bbac06ec9012ecc12581469a36c1edd8dd20de5bc27a3c4fdae49a5c026	c593c6cb03f6145a0058f3602d1ada7b5f3d930e76d5c5a97849676f5eab8831	67409ff190808c2967c949cae6697bf235010dbe832389cb4976d9089b5f5e1d	failed	False	failed			False	False	False						False	False	0.0456882010003028				ValueError: draw extended-event contract differs from plan
eas_selected__screen20__s0.010000__af0.200000__q5__draw002	screen20	focal_2bp_forward_only_no_recap_no_neutral_overlay	0.01	0.2	0.175	0.225	500	100	40	2	710856067	1781121565	5.0	0.1	2	1	1152.0	4cfa2c17f60941a05b793e8bc9840fafe1d1ff3d1f54a04998aab0d0de32394f	c3b66bbac06ec9012ecc12581469a36c1edd8dd20de5bc27a3c4fdae49a5c026	c593c6cb03f6145a0058f3602d1ada7b5f3d930e76d5c5a97849676f5eab8831	67409ff190808c2967c949cae6697bf235010dbe832389cb4976d9089b5f5e1d	failed	False	failed			False	False	False						False	False	0.1692775929986965				ValueError: draw extended-event contract differs from plan
eas_selected__screen20__s0.010000__af0.200000__q5__draw003	screen20	focal_2bp_forward_only_no_recap_no_neutral_overlay	0.01	0.2	0.175	0.225	500	100	40	3	2131686458	1779301344	5.0	0.1	2	1	1152.0	4cfa2c17f60941a05b793e8bc9840fafe1d1ff3d1f54a04998aab0d0de32394f	c3b66bbac06ec9012ecc12581469a36c1edd8dd20de5bc27a3c4fdae49a5c026	c593c6cb03f6145a0058f3602d1ada7b5f3d930e76d5c5a97849676f5eab8831	67409ff190808c2967c949cae6697bf235010dbe832389cb4976d9089b5f5e1d	failed	False	failed			False	False	False						False	False	0.16884914399997797				ValueError: draw extended-event contract differs from plan
eas_selected__screen20__s0.010000__af0.200000__q5__draw004	screen20	focal_2bp_forward_only_no_recap_no_neutral_overlay	0.01	0.2	0.175	0.225	500	100	40	4	267651964	1233855774	5.0	0.1	2	1	1152.0	4cfa2c17f60941a05b793e8bc9840fafe1d1ff3d1f54a04998aab0d0de32394f	c3b66bbac06ec9012ecc12581469a36c1edd8dd20de5bc27a3c4fdae49a5c026	c593c6cb03f6145a0058f3602d1ada7b5f3d930e76d5c5a97849676f5eab8831	67409ff190808c2967c949cae6697bf235010dbe832389cb4976d9089b5f5e1d	failed	False	failed			False	False	False						False	False	0.1645641089999117				ValueError: draw extended-event contract differs from plan
eas_selected__screen20__s0.010000__af0.200000__q5__draw005	screen20	focal_2bp_forward_only_no_recap_no_neutral_overlay	0.01	0.2	0.175	0.225	500	100	40	5	116004667	448484098	5.0	0.1	2	1	1152.0	4cfa2c17f60941a05b793e8bc9840fafe1d1ff3d1f54a04998aab0d0de32394f	c3b66bbac06ec9012ecc12581469a36c1edd8dd20de5bc27a3c4fdae49a5c026	c593c6cb03f6145a0058f3602d1ada7b5f3d930e76d5c5a97849676f5eab8831	67409ff190808c2967c949cae6697bf235010dbe832389cb4976d9089b5f5e1d	failed	False	failed			False	False	False						False	False	0.16427742699852388				ValueError: draw extended-event contract differs from plan
eas_selected__screen20__s0.010000__af0.200000__q5__draw006	screen20	focal_2bp_forward_only_no_recap_no_neutral_overlay	0.01	0.2	0.175	0.225	500	100	40	6	2002980829	874800323	5.0	0.1	2	1	1152.0	4cfa2c17f60941a05b793e8bc9840fafe1d1ff3d1f54a04998aab0d0de32394f	c3b66bbac06ec9012ecc12581469a36c1edd8dd20de5bc27a3c4fdae49a5c026	c593c6cb03f6145a0058f3602d1ada7b5f3d930e76d5c5a97849676f5eab8831	67409ff190808c2967c949cae6697bf235010dbe832389cb4976d9089b5f5e1d	failed	False	failed			False	False	False						False	False	0.17578824799966242				ValueError: draw extended-event contract differs from plan
eas_selected__screen20__s0.010000__af0.200000__q5__draw007	screen20	focal_2bp_forward_only_no_recap_no_neutral_overlay	0.01	0.2	0.175	0.225	500	100	40	7	1060375568	309822657	5.0	0.1	2	1	1152.0	4cfa2c17f60941a05b793e8bc9840fafe1d1ff3d1f54a04998aab0d0de32394f	c3b66bbac06ec9012ecc12581469a36c1edd8dd20de5bc27a3c4fdae49a5c026	c593c6cb03f6145a0058f3602d1ada7b5f3d930e76d5c5a97849676f5eab8831	67409ff190808c2967c949cae6697bf235010dbe832389cb4976d9089b5f5e1d	failed	False	failed			False	False	False						False	False	0.18192762299986498				ValueError: draw extended-event contract differs from plan
eas_selected__screen20__s0.010000__af0.200000__q5__draw008	screen20	focal_2bp_forward_only_no_recap_no_neutral_overlay	0.01	0.2	0.175	0.225	500	100	40	8	2011644158	952719627	5.0	0.1	2	1	1152.0	4cfa2c17f60941a05b793e8bc9840fafe1d1ff3d1f54a04998aab0d0de32394f	c3b66bbac06ec9012ecc12581469a36c1edd8dd20de5bc27a3c4fdae49a5c026	c593c6cb03f6145a0058f3602d1ada7b5f3d930e76d5c5a97849676f5eab8831	67409ff190808c2967c949cae6697bf235010dbe832389cb4976d9089b5f5e1d	failed	False	failed			False	False	False						False	False	0.18136583299929043				ValueError: draw extended-event contract differs from plan
eas_selected__screen20__s0.010000__af0.200000__q5__draw009	screen20	focal_2bp_forward_only_no_recap_no_neutral_overlay	0.01	0.2	0.175	0.225	500	100	40	9	1965601035	325092042	5.0	0.1	2	1	1152.0	4cfa2c17f60941a05b793e8bc9840fafe1d1ff3d1f54a04998aab0d0de32394f	c3b66bbac06ec9012ecc12581469a36c1edd8dd20de5bc27a3c4fdae49a5c026	c593c6cb03f6145a0058f3602d1ada7b5f3d930e76d5c5a97849676f5eab8831	67409ff190808c2967c949cae6697bf235010dbe832389cb4976d9089b5f5e1d	failed	False	failed			False	False	False						False	False	0.17821331599952828				ValueError: draw extended-event contract differs from plan
eas_selected__screen20__s0.010000__af0.200000__q5__draw010	screen20	focal_2bp_forward_only_no_recap_no_neutral_overlay	0.01	0.2	0.175	0.225	500	100	40	10	1289794078	2109535051	5.0	0.1	2	1	1152.0	4cfa2c17f60941a05b793e8bc9840fafe1d1ff3d1f54a04998aab0d0de32394f	c3b66bbac06ec9012ecc12581469a36c1edd8dd20de5bc27a3c4fdae49a5c026	c593c6cb03f6145a0058f3602d1ada7b5f3d930e76d5c5a97849676f5eab8831	67409ff190808c2967c949cae6697bf235010dbe832389cb4976d9089b5f5e1d	failed	False	failed			False	False	False						False	False	0.1797087039994949				ValueError: draw extended-event contract differs from plan
eas_selected__screen20__s0.010000__af0.200000__q5__draw011	screen20	focal_2bp_forward_only_no_recap_no_neutral_overlay	0.01	0.2	0.175	0.225	500	100	40	11	767307245	1833941800	5.0	0.1	2	1	1152.0	4cfa2c17f60941a05b793e8bc9840fafe1d1ff3d1f54a04998aab0d0de32394f	c3b66bbac06ec9012ecc12581469a36c1edd8dd20de5bc27a3c4fdae49a5c026	c593c6cb03f6145a0058f3602d1ada7b5f3d930e76d5c5a97849676f5eab8831	67409ff190808c2967c949cae6697bf235010dbe832389cb4976d9089b5f5e1d	failed	False	failed			False	False	False						False	False	0.17994976199952362				ValueError: draw extended-event contract differs from plan
eas_selected__screen20__s0.010000__af0.200000__q5__draw012	screen20	focal_2bp_forward_only_no_recap_no_neutral_overlay	0.01	0.2	0.175	0.225	500	100	40	12	226974253	456707226	5.0	0.1	2	1	1152.0	4cfa2c17f60941a05b793e8bc9840fafe1d1ff3d1f54a04998aab0d0de32394f	c3b66bbac06ec9012ecc12581469a36c1edd8dd20de5bc27a3c4fdae49a5c026	c593c6cb03f6145a0058f3602d1ada7b5f3d930e76d5c5a97849676f5eab8831	67409ff190808c2967c949cae6697bf235010dbe832389cb4976d9089b5f5e1d	failed	False	failed			False	False	False						False	False	0.18323968400000012				ValueError: draw extended-event contract differs from plan
eas_selected__screen20__s0.010000__af0.200000__q5__draw013	screen20	focal_2bp_forward_only_no_recap_no_neutral_overlay	0.01	0.2	0.175	0.225	500	100	40	13	2080329034	1863883583	5.0	0.1	2	1	1152.0	4cfa2c17f60941a05b793e8bc9840fafe1d1ff3d1f54a04998aab0d0de32394f	c3b66bbac06ec9012ecc12581469a36c1edd8dd20de5bc27a3c4fdae49a5c026	c593c6cb03f6145a0058f3602d1ada7b5f3d930e76d5c5a97849676f5eab8831	67409ff190808c2967c949cae6697bf235010dbe832389cb4976d9089b5f5e1d	failed	False	failed			False	False	False						False	False	0.17625819400018372				ValueError: draw extended-event contract differs from plan
eas_selected__screen20__s0.010000__af0.200000__q5__draw014	screen20	focal_2bp_forward_only_no_recap_no_neutral_overlay	0.01	0.2	0.175	0.225	500	100	40	14	963083473	717923872	5.0	0.1	2	1	1152.0	4cfa2c17f60941a05b793e8bc9840fafe1d1ff3d1f54a04998aab0d0de32394f	c3b66bbac06ec9012ecc12581469a36c1edd8dd20de5bc27a3c4fdae49a5c026	c593c6cb03f6145a0058f3602d1ada7b5f3d930e76d5c5a97849676f5eab8831	67409ff190808c2967c949cae6697bf235010dbe832389cb4976d9089b5f5e1d	failed	False	failed			False	False	False						False	False	0.17999048400088213				ValueError: draw extended-event contract differs from plan
eas_selected__screen20__s0.010000__af0.200000__q5__draw015	screen20	focal_2bp_forward_only_no_recap_no_neutral_overlay	0.01	0.2	0.175	0.225	500	100	40	15	1529004444	1209292905	5.0	0.1	2	1	1152.0	4cfa2c17f60941a05b793e8bc9840fafe1d1ff3d1f54a04998aab0d0de32394f	c3b66bbac06ec9012ecc12581469a36c1edd8dd20de5bc27a3c4fdae49a5c026	c593c6cb03f6145a0058f3602d1ada7b5f3d930e76d5c5a97849676f5eab8831	67409ff190808c2967c949cae6697bf235010dbe832389cb4976d9089b5f5e1d	failed	False	failed			False	False	False						False	False	0.1801106390012137				ValueError: draw extended-event contract differs from plan
eas_selected__screen20__s0.010000__af0.200000__q5__draw016	screen20	focal_2bp_forward_only_no_recap_no_neutral_overlay	0.01	0.2	0.175	0.225	500	100	40	16	1454907608	96977145	5.0	0.1	2	1	1152.0	4cfa2c17f60941a05b793e8bc9840fafe1d1ff3d1f54a04998aab0d0de32394f	c3b66bbac06ec9012ecc12581469a36c1edd8dd20de5bc27a3c4fdae49a5c026	c593c6cb03f6145a0058f3602d1ada7b5f3d930e76d5c5a97849676f5eab8831	67409ff190808c2967c949cae6697bf235010dbe832389cb4976d9089b5f5e1d	failed	False	failed			False	False	False						False	False	0.18021842199959792				ValueError: draw extended-event contract differs from plan
eas_selected__screen20__s0.010000__af0.200000__q5__draw017	screen20	focal_2bp_forward_only_no_recap_no_neutral_overlay	0.01	0.2	0.175	0.225	500	100	40	17	131857781	212532768	5.0	0.1	2	1	1152.0	4cfa2c17f60941a05b793e8bc9840fafe1d1ff3d1f54a04998aab0d0de32394f	c3b66bbac06ec9012ecc12581469a36c1edd8dd20de5bc27a3c4fdae49a5c026	c593c6cb03f6145a0058f3602d1ada7b5f3d930e76d5c5a97849676f5eab8831	67409ff190808c2967c949cae6697bf235010dbe832389cb4976d9089b5f5e1d	failed	False	failed			False	False	False						False	False	0.1794483339999715				ValueError: draw extended-event contract differs from plan
eas_selected__screen20__s0.010000__af0.200000__q5__draw018	screen20	focal_2bp_forward_only_no_recap_no_neutral_overlay	0.01	0.2	0.175	0.225	500	100	40	18	562082711	996277264	5.0	0.1	2	1	1152.0	4cfa2c17f60941a05b793e8bc9840fafe1d1ff3d1f54a04998aab0d0de32394f	c3b66bbac06ec9012ecc12581469a36c1edd8dd20de5bc27a3c4fdae49a5c026	c593c6cb03f6145a0058f3602d1ada7b5f3d930e76d5c5a97849676f5eab8831	67409ff190808c2967c949cae6697bf235010dbe832389cb4976d9089b5f5e1d	failed	False	failed			False	False	False						False	False	0.17606640000121843				ValueError: draw extended-event contract differs from plan
eas_selected__screen20__s0.010000__af0.200000__q5__draw019	screen20	focal_2bp_forward_only_no_recap_no_neutral_overlay	0.01	0.2	0.175	0.225	500	100	40	19	898428281	1824761402	5.0	0.1	2	1	1152.0	4cfa2c17f60941a05b793e8bc9840fafe1d1ff3d1f54a04998aab0d0de32394f	c3b66bbac06ec9012ecc12581469a36c1edd8dd20de5bc27a3c4fdae49a5c026	c593c6cb03f6145a0058f3602d1ada7b5f3d930e76d5c5a97849676f5eab8831	67409ff190808c2967c949cae6697bf235010dbe832389cb4976d9089b5f5e1d	failed	False	failed			False	False	False						False	False	0.177826928000286				ValueError: draw extended-event contract differs from plan
eas_selected__screen20__s0.010000__af0.300000__q5__draw000	screen20	focal_2bp_forward_only_no_recap_no_neutral_overlay	0.01	0.3	0.2749999999999999	0.325	500	100	60	0	1218727385	1730931316	5.0	0.1	2	1	1258.0	3bc0b4353f9cb11b8d34742ad46ccf6ed94a9745db985e17867fe8a3c0d99e5a	7e3fbbb5d9b6782e689e56f3dfe7344378b54b992cfa3375779fc2ed40220edf	b2ff2b052e207c1fe9f479665db6ece313c068e369f2eb11630c45665d8dac25	67409ff190808c2967c949cae6697bf235010dbe832389cb4976d9089b5f5e1d	failed	False	failed			False	False	False						False	False	0.07170716300061031				ValueError: draw extended-event contract differs from plan
eas_selected__screen20__s0.010000__af0.300000__q5__draw001	screen20	focal_2bp_forward_only_no_recap_no_neutral_overlay	0.01	0.3	0.2749999999999999	0.325	500	100	60	1	105403314	571156212	5.0	0.1	2	1	1258.0	3bc0b4353f9cb11b8d34742ad46ccf6ed94a9745db985e17867fe8a3c0d99e5a	7e3fbbb5d9b6782e689e56f3dfe7344378b54b992cfa3375779fc2ed40220edf	b2ff2b052e207c1fe9f479665db6ece313c068e369f2eb11630c45665d8dac25	67409ff190808c2967c949cae6697bf235010dbe832389cb4976d9089b5f5e1d	failed	False	failed			False	False	False						False	False	0.05635629100106598				ValueError: draw extended-event contract differs from plan
eas_selected__screen20__s0.010000__af0.300000__q5__draw002	screen20	focal_2bp_forward_only_no_recap_no_neutral_overlay	0.01	0.3	0.2749999999999999	0.325	500	100	60	2	1149438529	608509929	5.0	0.1	2	1	1258.0	3bc0b4353f9cb11b8d34742ad46ccf6ed94a9745db985e17867fe8a3c0d99e5a	7e3fbbb5d9b6782e689e56f3dfe7344378b54b992cfa3375779fc2ed40220edf	b2ff2b052e207c1fe9f479665db6ece313c068e369f2eb11630c45665d8dac25	67409ff190808c2967c949cae6697bf235010dbe832389cb4976d9089b5f5e1d	failed	False	failed			False	False	False						False	False	0.11169843200150353				ValueError: draw extended-event contract differs from plan
eas_selected__screen20__s0.010000__af0.300000__q5__draw003	screen20	focal_2bp_forward_only_no_recap_no_neutral_overlay	0.01	0.3	0.2749999999999999	0.325	500	100	60	3	1764392778	1621417303	5.0	0.1	2	1	1258.0	3bc0b4353f9cb11b8d34742ad46ccf6ed94a9745db985e17867fe8a3c0d99e5a	7e3fbbb5d9b6782e689e56f3dfe7344378b54b992cfa3375779fc2ed40220edf	b2ff2b052e207c1fe9f479665db6ece313c068e369f2eb11630c45665d8dac25	67409ff190808c2967c949cae6697bf235010dbe832389cb4976d9089b5f5e1d	failed	False	failed			False	False	False						False	False	0.11231025699999009				ValueError: draw extended-event contract differs from plan
eas_selected__screen20__s0.010000__af0.300000__q5__draw004	screen20	focal_2bp_forward_only_no_recap_no_neutral_overlay	0.01	0.3	0.2749999999999999	0.325	500	100	60	4	328500591	566077823	5.0	0.1	2	1	1258.0	3bc0b4353f9cb11b8d34742ad46ccf6ed94a9745db985e17867fe8a3c0d99e5a	7e3fbbb5d9b6782e689e56f3dfe7344378b54b992cfa3375779fc2ed40220edf	b2ff2b052e207c1fe9f479665db6ece313c068e369f2eb11630c45665d8dac25	67409ff190808c2967c949cae6697bf235010dbe832389cb4976d9089b5f5e1d	failed	False	failed			False	False	False						False	False	0.11064628699932655				ValueError: draw extended-event contract differs from plan
eas_selected__screen20__s0.010000__af0.300000__q5__draw005	screen20	focal_2bp_forward_only_no_recap_no_neutral_overlay	0.01	0.3	0.2749999999999999	0.325	500	100	60	5	200828587	414839186	5.0	0.1	2	1	1258.0	3bc0b4353f9cb11b8d34742ad46ccf6ed94a9745db985e17867fe8a3c0d99e5a	7e3fbbb5d9b6782e689e56f3dfe7344378b54b992cfa3375779fc2ed40220edf	b2ff2b052e207c1fe9f479665db6ece313c068e369f2eb11630c45665d8dac25	67409ff190808c2967c949cae6697bf235010dbe832389cb4976d9089b5f5e1d	failed	False	failed			False	False	False						False	False	0.1129217220004648				ValueError: draw extended-event contract differs from plan
eas_selected__screen20__s0.010000__af0.300000__q5__draw006	screen20	focal_2bp_forward_only_no_recap_no_neutral_overlay	0.01	0.3	0.2749999999999999	0.325	500	100	60	6	627273414	823647385	5.0	0.1	2	1	1258.0	3bc0b4353f9cb11b8d34742ad46ccf6ed94a9745db985e17867fe8a3c0d99e5a	7e3fbbb5d9b6782e689e56f3dfe7344378b54b992cfa3375779fc2ed40220edf	b2ff2b052e207c1fe9f479665db6ece313c068e369f2eb11630c45665d8dac25	67409ff190808c2967c949cae6697bf235010dbe832389cb4976d9089b5f5e1d	failed	False	failed			False	False	False						False	False	0.15299604500069108				ValueError: draw extended-event contract differs from plan
eas_selected__screen20__s0.010000__af0.300000__q5__draw007	screen20	focal_2bp_forward_only_no_recap_no_neutral_overlay	0.01	0.3	0.2749999999999999	0.325	500	100	60	7	1918431188	1325762197	5.0	0.1	2	1	1258.0	3bc0b4353f9cb11b8d34742ad46ccf6ed94a9745db985e17867fe8a3c0d99e5a	7e3fbbb5d9b6782e689e56f3dfe7344378b54b992cfa3375779fc2ed40220edf	b2ff2b052e207c1fe9f479665db6ece313c068e369f2eb11630c45665d8dac25	67409ff190808c2967c949cae6697bf235010dbe832389cb4976d9089b5f5e1d	failed	False	failed			False	False	False						False	False	0.16475722399991355				ValueError: draw extended-event contract differs from plan
eas_selected__screen20__s0.010000__af0.300000__q5__draw008	screen20	focal_2bp_forward_only_no_recap_no_neutral_overlay	0.01	0.3	0.2749999999999999	0.325	500	100	60	8	182371074	1946744171	5.0	0.1	2	1	1258.0	3bc0b4353f9cb11b8d34742ad46ccf6ed94a9745db985e17867fe8a3c0d99e5a	7e3fbbb5d9b6782e689e56f3dfe7344378b54b992cfa3375779fc2ed40220edf	b2ff2b052e207c1fe9f479665db6ece313c068e369f2eb11630c45665d8dac25	67409ff190808c2967c949cae6697bf235010dbe832389cb4976d9089b5f5e1d	failed	False	failed			False	False	False						False	False	0.1649435059989628				ValueError: draw extended-event contract differs from plan
eas_selected__screen20__s0.010000__af0.300000__q5__draw009	screen20	focal_2bp_forward_only_no_recap_no_neutral_overlay	0.01	0.3	0.2749999999999999	0.325	500	100	60	9	543140440	1072619758	5.0	0.1	2	1	1258.0	3bc0b4353f9cb11b8d34742ad46ccf6ed94a9745db985e17867fe8a3c0d99e5a	7e3fbbb5d9b6782e689e56f3dfe7344378b54b992cfa3375779fc2ed40220edf	b2ff2b052e207c1fe9f479665db6ece313c068e369f2eb11630c45665d8dac25	67409ff190808c2967c949cae6697bf235010dbe832389cb4976d9089b5f5e1d	failed	False	failed			False	False	False						False	False	0.16483506199983822				ValueError: draw extended-event contract differs from plan
eas_selected__screen20__s0.010000__af0.300000__q5__draw010	screen20	focal_2bp_forward_only_no_recap_no_neutral_overlay	0.01	0.3	0.2749999999999999	0.325	500	100	60	10	803752318	709951155	5.0	0.1	2	1	1258.0	3bc0b4353f9cb11b8d34742ad46ccf6ed94a9745db985e17867fe8a3c0d99e5a	7e3fbbb5d9b6782e689e56f3dfe7344378b54b992cfa3375779fc2ed40220edf	b2ff2b052e207c1fe9f479665db6ece313c068e369f2eb11630c45665d8dac25	67409ff190808c2967c949cae6697bf235010dbe832389cb4976d9089b5f5e1d	failed	False	failed			False	False	False						False	False	0.16437836499972036				ValueError: draw extended-event contract differs from plan
eas_selected__screen20__s0.010000__af0.300000__q5__draw011	screen20	focal_2bp_forward_only_no_recap_no_neutral_overlay	0.01	0.3	0.2749999999999999	0.325	500	100	60	11	1319048931	279282577	5.0	0.1	2	1	1258.0	3bc0b4353f9cb11b8d34742ad46ccf6ed94a9745db985e17867fe8a3c0d99e5a	7e3fbbb5d9b6782e689e56f3dfe7344378b54b992cfa3375779fc2ed40220edf	b2ff2b052e207c1fe9f479665db6ece313c068e369f2eb11630c45665d8dac25	67409ff190808c2967c949cae6697bf235010dbe832389cb4976d9089b5f5e1d	failed	False	failed			False	False	False						False	False	0.16353292100029648				ValueError: draw extended-event contract differs from plan
eas_selected__screen20__s0.010000__af0.300000__q5__draw012	screen20	focal_2bp_forward_only_no_recap_no_neutral_overlay	0.01	0.3	0.2749999999999999	0.325	500	100	60	12	1947556885	775253252	5.0	0.1	2	1	1258.0	3bc0b4353f9cb11b8d34742ad46ccf6ed94a9745db985e17867fe8a3c0d99e5a	7e3fbbb5d9b6782e689e56f3dfe7344378b54b992cfa3375779fc2ed40220edf	b2ff2b052e207c1fe9f479665db6ece313c068e369f2eb11630c45665d8dac25	67409ff190808c2967c949cae6697bf235010dbe832389cb4976d9089b5f5e1d	failed	False	failed			False	False	False						False	False	0.1621404560009978				ValueError: draw extended-event contract differs from plan
eas_selected__screen20__s0.010000__af0.300000__q5__draw013	screen20	focal_2bp_forward_only_no_recap_no_neutral_overlay	0.01	0.3	0.2749999999999999	0.325	500	100	60	13	316716075	2121725722	5.0	0.1	2	1	1258.0	3bc0b4353f9cb11b8d34742ad46ccf6ed94a9745db985e17867fe8a3c0d99e5a	7e3fbbb5d9b6782e689e56f3dfe7344378b54b992cfa3375779fc2ed40220edf	b2ff2b052e207c1fe9f479665db6ece313c068e369f2eb11630c45665d8dac25	67409ff190808c2967c949cae6697bf235010dbe832389cb4976d9089b5f5e1d	failed	False	failed			False	False	False						False	False	0.15949829500095802				ValueError: draw extended-event contract differs from plan
eas_selected__screen20__s0.010000__af0.300000__q5__draw014	screen20	focal_2bp_forward_only_no_recap_no_neutral_overlay	0.01	0.3	0.2749999999999999	0.325	500	100	60	14	1918463036	590573687	5.0	0.1	2	1	1258.0	3bc0b4353f9cb11b8d34742ad46ccf6ed94a9745db985e17867fe8a3c0d99e5a	7e3fbbb5d9b6782e689e56f3dfe7344378b54b992cfa3375779fc2ed40220edf	b2ff2b052e207c1fe9f479665db6ece313c068e369f2eb11630c45665d8dac25	67409ff190808c2967c949cae6697bf235010dbe832389cb4976d9089b5f5e1d	failed	False	failed			False	False	False						False	False	0.15913967300002696				ValueError: draw extended-event contract differs from plan
eas_selected__screen20__s0.010000__af0.300000__q5__draw015	screen20	focal_2bp_forward_only_no_recap_no_neutral_overlay	0.01	0.3	0.2749999999999999	0.325	500	100	60	15	62078879	1590079336	5.0	0.1	2	1	1258.0	3bc0b4353f9cb11b8d34742ad46ccf6ed94a9745db985e17867fe8a3c0d99e5a	7e3fbbb5d9b6782e689e56f3dfe7344378b54b992cfa3375779fc2ed40220edf	b2ff2b052e207c1fe9f479665db6ece313c068e369f2eb11630c45665d8dac25	67409ff190808c2967c949cae6697bf235010dbe832389cb4976d9089b5f5e1d	failed	False	failed			False	False	False						False	False	0.1607854470003076				ValueError: draw extended-event contract differs from plan
eas_selected__screen20__s0.010000__af0.300000__q5__draw016	screen20	focal_2bp_forward_only_no_recap_no_neutral_overlay	0.01	0.3	0.2749999999999999	0.325	500	100	60	16	554233366	909702286	5.0	0.1	2	1	1258.0	3bc0b4353f9cb11b8d34742ad46ccf6ed94a9745db985e17867fe8a3c0d99e5a	7e3fbbb5d9b6782e689e56f3dfe7344378b54b992cfa3375779fc2ed40220edf	b2ff2b052e207c1fe9f479665db6ece313c068e369f2eb11630c45665d8dac25	67409ff190808c2967c949cae6697bf235010dbe832389cb4976d9089b5f5e1d	failed	False	failed			False	False	False						False	False	0.16264348000004247				ValueError: draw extended-event contract differs from plan
eas_selected__screen20__s0.010000__af0.300000__q5__draw017	screen20	focal_2bp_forward_only_no_recap_no_neutral_overlay	0.01	0.3	0.2749999999999999	0.325	500	100	60	17	541159967	1773803003	5.0	0.1	2	1	1258.0	3bc0b4353f9cb11b8d34742ad46ccf6ed94a9745db985e17867fe8a3c0d99e5a	7e3fbbb5d9b6782e689e56f3dfe7344378b54b992cfa3375779fc2ed40220edf	b2ff2b052e207c1fe9f479665db6ece313c068e369f2eb11630c45665d8dac25	67409ff190808c2967c949cae6697bf235010dbe832389cb4976d9089b5f5e1d	failed	False	failed			False	False	False						False	False	0.16462582499843847				ValueError: draw extended-event contract differs from plan
eas_selected__screen20__s0.010000__af0.300000__q5__draw018	screen20	focal_2bp_forward_only_no_recap_no_neutral_overlay	0.01	0.3	0.2749999999999999	0.325	500	100	60	18	1978215873	1085657517	5.0	0.1	2	1	1258.0	3bc0b4353f9cb11b8d34742ad46ccf6ed94a9745db985e17867fe8a3c0d99e5a	7e3fbbb5d9b6782e689e56f3dfe7344378b54b992cfa3375779fc2ed40220edf	b2ff2b052e207c1fe9f479665db6ece313c068e369f2eb11630c45665d8dac25	67409ff190808c2967c949cae6697bf235010dbe832389cb4976d9089b5f5e1d	failed	False	failed			False	False	False						False	False	0.15852352300134953				ValueError: draw extended-event contract differs from plan
eas_selected__screen20__s0.010000__af0.300000__q5__draw019	screen20	focal_2bp_forward_only_no_recap_no_neutral_overlay	0.01	0.3	0.2749999999999999	0.325	500	100	60	19	1289521911	1498941375	5.0	0.1	2	1	1258.0	3bc0b4353f9cb11b8d34742ad46ccf6ed94a9745db985e17867fe8a3c0d99e5a	7e3fbbb5d9b6782e689e56f3dfe7344378b54b992cfa3375779fc2ed40220edf	b2ff2b052e207c1fe9f479665db6ece313c068e369f2eb11630c45665d8dac25	67409ff190808c2967c949cae6697bf235010dbe832389cb4976d9089b5f5e1d	failed	False	failed			False	False	False						False	False	0.15603194300092582				ValueError: draw extended-event contract differs from plan
