schema	analysis_role	demography	statistic	threshold_years	observed_selected	n_neutral	minimum_attainable_p	neutral_mean	neutral_median	neutral_q025	neutral_q975	neutral_upper_extreme_count	neutral_lower_extreme_count	mc_p_upper	mc_p_lower	mc_p_two_sided	neutral_midrank_descriptive_auc	tail_contract	null_bank	pairing_unit
gamma-smc.cosi2-conditioned-focal-pairs/v2	primary_shared_homozygote_bank	EAS	p_hom_alt_minus_hom_ref	1000	0.033085894558232604	96	0.010309278350515464	0.019762628420759685	0.019242875718969408	-0.0024734777049392419	0.051258018580276794	15	81	0.16494845360824742	0.84536082474226804	0.32989690721649484	0.84375	plus_one_conservative_ties	shared_complete_case_ref_ref_and_alt_alt	unordered_haplotype_pair_pseudodiploid
gamma-smc.cosi2-conditioned-focal-pairs/v2	primary_shared_homozygote_bank	EAS	p_hom_alt_minus_hom_ref	4500	0.10150261184731164	96	0.010309278350515464	0.07835581075349346	0.077108848374174324	-0.020621810615267085	0.19823239517900565	30	66	0.31958762886597936	0.69072164948453607	0.63917525773195871	0.6875	plus_one_conservative_ties	shared_complete_case_ref_ref_and_alt_alt	unordered_haplotype_pair_pseudodiploid
gamma-smc.cosi2-conditioned-focal-pairs/v2	primary_shared_homozygote_bank	EAS	p_hom_alt_minus_hom_ref	10000	0.1838730322421005	96	0.010309278350515464	0.1445456602832563	0.14942396073263778	-0.041979585099866233	0.33418485601572662	34	62	0.36082474226804123	0.64948453608247425	0.72164948453608246	0.64583333333333337	plus_one_conservative_ties	shared_complete_case_ref_ref_and_alt_alt	unordered_haplotype_pair_pseudodiploid
gamma-smc.cosi2-conditioned-focal-pairs/v2	primary_shared_homozygote_bank	EAS	p_hom_alt_minus_hom_ref	20000	0.27790114670029703	96	0.010309278350515464	0.21523855648768575	0.22436144484604453	-0.061207966501166514	0.47455333828318935	34	62	0.36082474226804123	0.64948453608247425	0.72164948453608246	0.64583333333333337	plus_one_conservative_ties	shared_complete_case_ref_ref_and_alt_alt	unordered_haplotype_pair_pseudodiploid
gamma-smc.cosi2-conditioned-focal-pairs/v2	primary_shared_homozygote_bank	EAS	p_hom_alt_minus_hom_ref	30000	0.32790875465509983	96	0.010309278350515464	0.25198797208190488	0.26962056241283966	-0.072122632056585576	0.5512156962735727	36	60	0.38144329896907214	0.62886597938144329	0.76288659793814428	0.625	plus_one_conservative_ties	shared_complete_case_ref_ref_and_alt_alt	unordered_haplotype_pair_pseudodiploid
gamma-smc.cosi2-conditioned-focal-pairs/v2	primary_shared_homozygote_bank	EAS	p_hom_alt_minus_hom_ref	40000	0.35559210911305306	96	0.010309278350515464	0.27153123032966658	0.29919648591849857	-0.075639669861035846	0.58758921895831384	36	60	0.38144329896907214	0.62886597938144329	0.76288659793814428	0.625	plus_one_conservative_ties	shared_complete_case_ref_ref_and_alt_alt	unordered_haplotype_pair_pseudodiploid
gamma-smc.cosi2-conditioned-focal-pairs/v2	primary_shared_homozygote_bank	EAS	p_hom_alt_minus_hom_ref	50000	0.37187992276673498	96	0.010309278350515464	0.28158421572217218	0.31541179342473713	-0.09011727039370622	0.59543432400303054	35	61	0.37113402061855671	0.63917525773195871	0.74226804123711343	0.63541666666666663	plus_one_conservative_ties	shared_complete_case_ref_ref_and_alt_alt	unordered_haplotype_pair_pseudodiploid
gamma-smc.cosi2-conditioned-focal-pairs/v2	primary_shared_homozygote_bank	Han	p_hom_alt_minus_hom_ref	1000	0.017711853990936607	63	0.015625	0.090367113586091757	0.061337689763042672	-0.0076625475974698553	0.44361547096739495	53	10	0.84375	0.171875	0.34375	0.15873015873015872	plus_one_conservative_ties	shared_complete_case_ref_ref_and_alt_alt	unordered_haplotype_pair_pseudodiploid
gamma-smc.cosi2-conditioned-focal-pairs/v2	primary_shared_homozygote_bank	Han	p_hom_alt_minus_hom_ref	4500	0.05398387087018805	63	0.015625	0.26823839497612112	0.21228418566884541	0.0091427765593821431	0.80356452311762094	57	6	0.90625	0.109375	0.21875	0.095238095238095233	plus_one_conservative_ties	shared_complete_case_ref_ref_and_alt_alt	unordered_haplotype_pair_pseudodiploid
gamma-smc.cosi2-conditioned-focal-pairs/v2	primary_shared_homozygote_bank	Han	p_hom_alt_minus_hom_ref	10000	0.099739484880679519	63	0.015625	0.40686373765717299	0.35242709879932899	0.044089103159183719	0.84198442507542604	60	3	0.953125	0.0625	0.125	0.047619047619047616	plus_one_conservative_ties	shared_complete_case_ref_ref_and_alt_alt	unordered_haplotype_pair_pseudodiploid
gamma-smc.cosi2-conditioned-focal-pairs/v2	primary_shared_homozygote_bank	Han	p_hom_alt_minus_hom_ref	20000	0.1445018547704276	63	0.015625	0.49706747675371588	0.49415998022892232	0.090216862540844017	0.78544849028711949	60	3	0.953125	0.0625	0.125	0.047619047619047616	plus_one_conservative_ties	shared_complete_case_ref_ref_and_alt_alt	unordered_haplotype_pair_pseudodiploid
gamma-smc.cosi2-conditioned-focal-pairs/v2	primary_shared_homozygote_bank	Han	p_hom_alt_minus_hom_ref	30000	0.15652561024588785	63	0.015625	0.51342472854732224	0.53126590275328556	0.098371968466958989	0.73901950402770278	60	3	0.953125	0.0625	0.125	0.047619047619047616	plus_one_conservative_ties	shared_complete_case_ref_ref_and_alt_alt	unordered_haplotype_pair_pseudodiploid
gamma-smc.cosi2-conditioned-focal-pairs/v2	primary_shared_homozygote_bank	Han	p_hom_alt_minus_hom_ref	40000	0.1514899154474687	63	0.015625	0.50586678388247175	0.52432753252871223	0.093723862401116395	0.73389608827107178	60	3	0.953125	0.0625	0.125	0.047619047619047616	plus_one_conservative_ties	shared_complete_case_ref_ref_and_alt_alt	unordered_haplotype_pair_pseudodiploid
gamma-smc.cosi2-conditioned-focal-pairs/v2	primary_shared_homozygote_bank	Han	p_hom_alt_minus_hom_ref	50000	0.13872787744844672	63	0.015625	0.48996697994904603	0.52559244127009652	0.095857387653774037	0.71510670772681983	59	4	0.9375	0.078125	0.15625	0.063492063492063489	plus_one_conservative_ties	shared_complete_case_ref_ref_and_alt_alt	unordered_haplotype_pair_pseudodiploid
gamma-smc.cosi2-conditioned-focal-pairs/v2	secondary_class_specific_bank	EAS	p_hom_alt	1000	0.041010702714337897	96	0.010309278350515464	0.034563343436165288	0.032655458312056802	0.015192657760796044	0.063015480469962748	27	69	0.28865979381443296	0.72164948453608246	0.57731958762886593	0.71875	plus_one_conservative_ties	maximal_eligible_hom_alt_bank	unordered_haplotype_pair_pseudodiploid
gamma-smc.cosi2-conditioned-focal-pairs/v2	secondary_class_specific_bank	EAS	p_hom_alt	4500	0.13378361746017106	96	0.010309278350515464	0.1430400998031027	0.13665150576838625	0.074172234045887867	0.24781762967345314	50	46	0.52577319587628868	0.4845360824742268	0.96907216494845361	0.47916666666666669	plus_one_conservative_ties	maximal_eligible_hom_alt_bank	unordered_haplotype_pair_pseudodiploid
gamma-smc.cosi2-conditioned-focal-pairs/v2	secondary_class_specific_bank	EAS	p_hom_alt	10000	0.24880982998279835	96	0.010309278350515464	0.27801686630053835	0.26607782818949899	0.14666678163320096	0.45060209433500087	58	38	0.60824742268041232	0.40206185567010311	0.80412371134020622	0.39583333333333331	plus_one_conservative_ties	maximal_eligible_hom_alt_bank	unordered_haplotype_pair_pseudodiploid
gamma-smc.cosi2-conditioned-focal-pairs/v2	secondary_class_specific_bank	EAS	p_hom_alt	20000	0.39225216297868487	96	0.010309278350515464	0.44720783332523956	0.44203823444970453	0.23888731728464163	0.67449219324316922	66	30	0.69072164948453607	0.31958762886597936	0.63917525773195871	0.3125	plus_one_conservative_ties	maximal_eligible_hom_alt_bank	unordered_haplotype_pair_pseudodiploid
gamma-smc.cosi2-conditioned-focal-pairs/v2	secondary_class_specific_bank	EAS	p_hom_alt	30000	0.48506820197567241	96	0.010309278350515464	0.55821429064553529	0.55804507020340177	0.3153536157478074	0.80223700589726088	69	27	0.72164948453608246	0.28865979381443296	0.57731958762886593	0.28125	plus_one_conservative_ties	maximal_eligible_hom_alt_bank	unordered_haplotype_pair_pseudodiploid
gamma-smc.cosi2-conditioned-focal-pairs/v2	secondary_class_specific_bank	EAS	p_hom_alt	40000	0.55118669610817561	96	0.010309278350515464	0.6359129811315346	0.64247853544364875	0.37503511959742986	0.87703603384150308	69	27	0.72164948453608246	0.28865979381443296	0.57731958762886593	0.28125	plus_one_conservative_ties	maximal_eligible_hom_alt_bank	unordered_haplotype_pair_pseudodiploid
gamma-smc.cosi2-conditioned-focal-pairs/v2	secondary_class_specific_bank	EAS	p_hom_alt	50000	0.60214668105004987	96	0.010309278350515464	0.69296881314394165	0.70842466760738987	0.41533773498971477	0.92246298634953372	71	25	0.74226804123711343	0.26804123711340205	0.53608247422680411	0.26041666666666669	plus_one_conservative_ties	maximal_eligible_hom_alt_bank	unordered_haplotype_pair_pseudodiploid
gamma-smc.cosi2-conditioned-focal-pairs/v2	secondary_class_specific_bank	EAS	p_hom_ref	1000	0.0079248081561052938	96	0.010309278350515464	0.014800715015405599	0.013863860213687422	0.0078658566266614997	0.02797434494490756	92	4	0.95876288659793818	0.051546391752577317	0.10309278350515463	0.041666666666666664	plus_one_conservative_ties	maximal_eligible_hom_ref_bank	unordered_haplotype_pair_pseudodiploid
gamma-smc.cosi2-conditioned-focal-pairs/v2	secondary_class_specific_bank	EAS	p_hom_ref	4500	0.032281005612859417	96	0.010309278350515464	0.064684289049609225	0.060881035723115026	0.033481340403918619	0.12542099285460359	94	2	0.97938144329896903	0.030927835051546393	0.061855670103092786	0.020833333333333332	plus_one_conservative_ties	maximal_eligible_hom_ref_bank	unordered_haplotype_pair_pseudodiploid
gamma-smc.cosi2-conditioned-focal-pairs/v2	secondary_class_specific_bank	EAS	p_hom_ref	10000	0.064936797740697855	96	0.010309278350515464	0.13347120601728205	0.12437755547110477	0.069624523143942713	0.26112684427224497	94	2	0.97938144329896903	0.030927835051546393	0.061855670103092786	0.020833333333333332	plus_one_conservative_ties	maximal_eligible_hom_ref_bank	unordered_haplotype_pair_pseudodiploid
gamma-smc.cosi2-conditioned-focal-pairs/v2	secondary_class_specific_bank	EAS	p_hom_ref	20000	0.11435101627838783	96	0.010309278350515464	0.23196927683755378	0.21480646212778043	0.12256365809587036	0.43320121141603679	94	2	0.97938144329896903	0.030927835051546393	0.061855670103092786	0.020833333333333332	plus_one_conservative_ties	maximal_eligible_hom_ref_bank	unordered_haplotype_pair_pseudodiploid
gamma-smc.cosi2-conditioned-focal-pairs/v2	secondary_class_specific_bank	EAS	p_hom_ref	30000	0.1571594473205726	96	0.010309278350515464	0.30622631856363064	0.28254453502867616	0.16262509204885336	0.54856238920409273	94	2	0.97938144329896903	0.030927835051546393	0.061855670103092786	0.020833333333333332	plus_one_conservative_ties	maximal_eligible_hom_ref_bank	unordered_haplotype_pair_pseudodiploid
gamma-smc.cosi2-conditioned-focal-pairs/v2	secondary_class_specific_bank	EAS	p_hom_ref	40000	0.19559458699512255	96	0.010309278350515464	0.36438175080186808	0.33790907043825236	0.19854084773714242	0.63834458619756251	94	2	0.97938144329896903	0.030927835051546393	0.061855670103092786	0.020833333333333332	plus_one_conservative_ties	maximal_eligible_hom_ref_bank	unordered_haplotype_pair_pseudodiploid
gamma-smc.cosi2-conditioned-focal-pairs/v2	secondary_class_specific_bank	EAS	p_hom_ref	50000	0.23026675828331489	96	0.010309278350515464	0.41138459742176936	0.38786279831433379	0.23165697470014765	0.70779632270027704	94	2	0.97938144329896903	0.030927835051546393	0.061855670103092786	0.020833333333333332	plus_one_conservative_ties	maximal_eligible_hom_ref_bank	unordered_haplotype_pair_pseudodiploid
gamma-smc.cosi2-conditioned-focal-pairs/v2	secondary_class_specific_bank	Han	p_hom_alt	1000	0.039364474587810158	63	0.015625	0.10394598457335257	0.071238931545580864	0.005336907003446331	0.46116249848179025	48	15	0.765625	0.25	0.5	0.23809523809523808	plus_one_conservative_ties	maximal_eligible_hom_alt_bank	unordered_haplotype_pair_pseudodiploid
gamma-smc.cosi2-conditioned-focal-pairs/v2	secondary_class_specific_bank	Han	p_hom_alt	4500	0.15491087649783375	63	0.015625	0.33053867142931531	0.27480854513999242	0.066022258304669415	0.86392224330936285	54	9	0.859375	0.15625	0.3125	0.14285714285714285	plus_one_conservative_ties	maximal_eligible_hom_alt_bank	unordered_haplotype_pair_pseudodiploid
gamma-smc.cosi2-conditioned-focal-pairs/v2	secondary_class_specific_bank	Han	p_hom_alt	10000	0.31578640192237784	63	0.015625	0.53909900053330906	0.5163518193303529	0.19342232059259529	0.97827825951210434	54	9	0.859375	0.15625	0.3125	0.14285714285714285	plus_one_conservative_ties	maximal_eligible_hom_alt_bank	unordered_haplotype_pair_pseudodiploid
gamma-smc.cosi2-conditioned-focal-pairs/v2	secondary_class_specific_bank	Han	p_hom_alt	20000	0.5310529279141839	63	0.015625	0.73193315685867621	0.74465306740992132	0.35577037811534856	0.99924940222191638	54	9	0.859375	0.15625	0.3125	0.14285714285714285	plus_one_conservative_ties	maximal_eligible_hom_alt_bank	unordered_haplotype_pair_pseudodiploid
gamma-smc.cosi2-conditioned-focal-pairs/v2	secondary_class_specific_bank	Han	p_hom_alt	30000	0.67148667465322964	63	0.015625	0.82608453153278694	0.87361563808600673	0.46204022453694532	0.99997460841490116	53	10	0.84375	0.171875	0.34375	0.15873015873015872	plus_one_conservative_ties	maximal_eligible_hom_alt_bank	unordered_haplotype_pair_pseudodiploid
gamma-smc.cosi2-conditioned-focal-pairs/v2	secondary_class_specific_bank	Han	p_hom_alt	40000	0.76397896874468851	63	0.015625	0.87920186323503702	0.93273967328107865	0.52558434413987742	0.99999914919172628	53	10	0.84375	0.171875	0.34375	0.15873015873015872	plus_one_conservative_ties	maximal_eligible_hom_alt_bank	unordered_haplotype_pair_pseudodiploid
gamma-smc.cosi2-conditioned-focal-pairs/v2	secondary_class_specific_bank	Han	p_hom_alt	50000	0.8263172670554666	63	0.015625	0.91215255896509995	0.96366990952245135	0.58170196714438627	0.9999999716465322	52	11	0.828125	0.1875	0.375	0.17460317460317459	plus_one_conservative_ties	maximal_eligible_hom_alt_bank	unordered_haplotype_pair_pseudodiploid
gamma-smc.cosi2-conditioned-focal-pairs/v2	secondary_class_specific_bank	Han	p_hom_ref	1000	0.021652620596873551	99	0.01	0.013263334130262259	0.0122642161400292	0.0072854590875827945	0.02640174897367863	5	94	0.059999999999999998	0.94999999999999996	0.12	0.9494949494949495	plus_one_conservative_ties	maximal_eligible_hom_ref_bank	unordered_haplotype_pair_pseudodiploid
gamma-smc.cosi2-conditioned-focal-pairs/v2	secondary_class_specific_bank	Han	p_hom_ref	4500	0.1009270056276457	99	0.01	0.061184958567571744	0.057013900831126549	0.034178376853544044	0.12045263124409479	5	94	0.059999999999999998	0.94999999999999996	0.12	0.9494949494949495	plus_one_conservative_ties	maximal_eligible_hom_ref_bank	unordered_haplotype_pair_pseudodiploid
gamma-smc.cosi2-conditioned-focal-pairs/v2	secondary_class_specific_bank	Han	p_hom_ref	10000	0.21604691704169832	99	0.01	0.13042509195923307	0.12174666632589475	0.073478649833595658	0.24756214689510117	5	94	0.059999999999999998	0.94999999999999996	0.12	0.9494949494949495	plus_one_conservative_ties	maximal_eligible_hom_ref_bank	unordered_haplotype_pair_pseudodiploid
gamma-smc.cosi2-conditioned-focal-pairs/v2	secondary_class_specific_bank	Han	p_hom_ref	20000	0.38655107314375631	99	0.01	0.23270335299733233	0.22045733454176578	0.13370603740010176	0.41756982386991115	5	94	0.059999999999999998	0.94999999999999996	0.12	0.9494949494949495	plus_one_conservative_ties	maximal_eligible_hom_ref_bank	unordered_haplotype_pair_pseudodiploid
gamma-smc.cosi2-conditioned-focal-pairs/v2	secondary_class_specific_bank	Han	p_hom_ref	30000	0.5149610644073418	99	0.01	0.31066572252051516	0.29385486621387119	0.17990784074411237	0.5257507949802479	5	94	0.059999999999999998	0.94999999999999996	0.12	0.9494949494949495	plus_one_conservative_ties	maximal_eligible_hom_ref_bank	unordered_haplotype_pair_pseudodiploid
gamma-smc.cosi2-conditioned-focal-pairs/v2	secondary_class_specific_bank	Han	p_hom_ref	40000	0.61248905329721981	99	0.01	0.37170468979242	0.35593835425302772	0.21702268487928331	0.60076724049725527	2	97	0.029999999999999999	0.97999999999999998	0.059999999999999998	0.97979797979797978	plus_one_conservative_ties	maximal_eligible_hom_ref_bank	unordered_haplotype_pair_pseudodiploid
gamma-smc.cosi2-conditioned-focal-pairs/v2	secondary_class_specific_bank	Han	p_hom_ref	50000	0.68758938960701987	99	0.01	0.42097513890691068	0.40801586565826858	0.24795822717523897	0.65612861238170117	2	97	0.029999999999999999	0.97999999999999998	0.059999999999999998	0.97979797979797978	plus_one_conservative_ties	maximal_eligible_hom_ref_bank	unordered_haplotype_pair_pseudodiploid
